"Relative Time (Process)","ConvNext_Large_Base - system/gpu.0.powerWatts","ConvNext_Large_Base - system/gpu.0.powerWatts__MIN","ConvNext_Large_Base - system/gpu.0.powerWatts__MAX"
"11.046265681","126.336","126.336","126.336"
"21.046957475","130.585","130.585","130.585"
"31.046341192","579.091","579.091","579.091"
"41.056470427","592.638","592.638","592.638"
"51.046587104","590.626","590.626","590.626"
"61.046155365","598.541","598.541","598.541"
"71.046258162","597.624","597.624","597.624"
"81.046477279","613.776","613.776","613.776"
"91.046633835","602.32","602.32","602.32"
"101.046865688","611.192","611.192","611.192"
"111.046464255","617.016","617.016","617.016"
"121.046457321","613.976","613.976","613.976"
"131.045998096","617.104","617.104","617.104"
"141.046208253","652.585","652.585","652.585"
"151.046209287","141.257","141.257","141.257"
"161.046556373","136.913","136.913","136.913"
"171.046885283","596.738","596.738","596.738"
"181.046751243","606.1","606.1","606.1"
"191.046883192","612.782","612.782","612.782"
"201.046901411","613.564","613.564","613.564"
"211.047001134","611.641","611.641","611.641"
"221.046733495","615.132","615.132","615.132"
"231.046325854","623.594","623.594","623.594"
"241.046110853","624.905","624.905","624.905"
"251.046049552","622.644","622.644","622.644"
"261.046753057","620.274","620.274","620.274"
"271.046818797","627.473","627.473","627.473"
"281.047611233","439.83","439.83","439.83"
"291.046538657","145.885","145.885","145.885"
"301.056167886","140.388","140.388","140.388"
"311.046877305","137.995","137.995","137.995"
"321.046388478","618.446","618.446","618.446"
"331.046326601","612.749","612.749","612.749"
"341.046767064","617.654","617.654","617.654"
"351.046953956","625.809","625.809","625.809"
"361.046641452","627.281","627.281","627.281"
"371.053773441","630.776","630.776","630.776"
"381.046213949","622.564","622.564","622.564"
"391.045807364","622.85","622.85","622.85"
"401.045948465","625.789","625.789","625.789"
"411.046576833","625.542","625.542","625.542"
"421.046003334","625.627","625.627","625.627"
"431.046780954","149.704","149.704","149.704"
"441.046265954","142.84","142.84","142.84"
"451.046912851","140.591","140.591","140.591"
"461.046963391","616","616","616"
"471.112828083","612.288","612.288","612.288"
"481.113488421","618.006","618.006","618.006"
"491.046115766","622.423","622.423","622.423"
"501.046918729","617.268","617.268","617.268"
"511.103665664","621.082","621.082","621.082"
"521.046233432","627.839","627.839","627.839"
"531.046319555","637.912","637.912","637.912"
"541.046602577","643.975","643.975","643.975"
"551.106953517","636.852","636.852","636.852"
"561.092177342","636.491","636.491","636.491"
"571.04687282","149.905","149.905","149.905"
"581.045987318","143.049","143.049","143.049"
"591.046614983","139.977","139.977","139.977"
"601.062882331","616.697","616.697","616.697"
"611.04598111","617.59","617.59","617.59"
"621.046766313","610.97","610.97","610.97"
"631.112881377","618.79","618.79","618.79"
"641.07215399","617.491","617.491","617.491"
"651.046843211","631.944","631.944","631.944"
"661.098282122","627.639","627.639","627.639"
"671.072977038","628.794","628.794","628.794"
"681.046335909","635.591","635.591","635.591"
"691.0486274","634.55","634.55","634.55"
"701.05701569","631.455","631.455","631.455"
"711.047054574","463.37","463.37","463.37"
"721.04667218","143.71","143.71","143.71"
"731.071888453","141.38","141.38","141.38"
"741.049456134","628.238","628.238","628.238"
"751.046528915","625.862","625.862","625.862"
"761.046845409","616.776","616.776","616.776"
"771.092882441","624.905","624.905","624.905"
"781.079864205","628.348","628.348","628.348"
"791.046456158","622.856","622.856","622.856"
"801.114657963","628.649","628.649","628.649"
"811.046661557","623.824","623.824","623.824"
"821.046042746","619.899","619.899","619.899"
"831.046227078","628.233","628.233","628.233"
"841.048232071","619.455","619.455","619.455"
"851.046482751","147.468","147.468","147.468"
"861.057231386","143.316","143.316","143.316"
"871.046268114","139.127","139.127","139.127"
"881.046896612","618.684","618.684","618.684"
"891.04825302","624.803","624.803","624.803"
"901.071604186","633.055","633.055","633.055"
"911.092996418","625.274","625.274","625.274"
"921.046290825","630.572","630.572","630.572"
"931.046153746","620.099","620.099","620.099"
"941.120645024","639.069","639.069","639.069"
"951.046876751","629.49","629.49","629.49"
"961.04612997","633.449","633.449","633.449"
"971.046797893","635.391","635.391","635.391"
"981.126205413","637.942","637.942","637.942"
"991.089512468","152.196","152.196","152.196"
"1001.062885707","143.5","143.5","143.5"
"1011.046629966","140.186","140.186","140.186"
"1021.121891907","612.35","612.35","612.35"
"1031.046082398","626.418","626.418","626.418"
"1041.071980917","631.034","631.034","631.034"
"1051.07497267","623.995","623.995","623.995"
"1061.064884481","628.412","628.412","628.412"
"1071.046598862","631.578","631.578","631.578"
"1081.122011015","638.447","638.447","638.447"
"1091.046952039","634.315","634.315","634.315"
"1101.046141321","640.853","640.853","640.853"
"1111.052520343","643.479","643.479","643.479"
"1121.046018526","641.804","641.804","641.804"
"1131.047144373","306.927","306.927","306.927"
"1141.046819516","142.681","142.681","142.681"
"1151.10467171","620.874","620.874","620.874"
"1161.04657912","626.593","626.593","626.593"
"1171.049562041","620.983","620.983","620.983"
"1181.099727915","618.438","618.438","618.438"
"1191.082240801","605.823","605.823","605.823"
"1201.046161718","633.264","633.264","633.264"
"1211.046726278","637.891","637.891","637.891"
"1221.09334098","640.072","640.072","640.072"
"1231.046182678","631.546","631.546","631.546"
"1241.045949377","637.6","637.6","637.6"
"1251.088550597","631.538","631.538","631.538"
"1261.046814559","638.01","638.01","638.01"
"1271.108306439","147.968","147.968","147.968"
"1281.046094509","142.302","142.302","142.302"
"1291.102692994","625.645","625.645","625.645"
"1301.046282949","622.576","622.576","622.576"
"1311.046266672","618.405","618.405","618.405"
"1321.095124789","612.122","612.122","612.122"
"1331.046863148","625.142","625.142","625.142"
"1341.046904214","626.501","626.501","626.501"
"1351.051844277","622.697","622.697","622.697"
"1361.088440827","625.852","625.852","625.852"
"1371.046490867","635.893","635.893","635.893"
"1381.046288443","628.335","628.335","628.335"
"1391.052406694","633.663","633.663","633.663"
"1401.083200079","669.93","669.93","669.93"
"1411.107344788","145.605","145.605","145.605"
"1421.085828256","141.667","141.667","141.667"
"1431.047764897","621.785","621.785","621.785"
"1441.046681184","626.062","626.062","626.062"
"1451.047344562","636.374","636.374","636.374"
"1461.105572088","641.205","641.205","641.205"
"1471.046777442","628.715","628.715","628.715"
"1481.046202266","632.166","632.166","632.166"
"1491.083486389","628.51","628.51","628.51"
"1501.046604426","644.746","644.746","644.746"
"1511.1017716","624.527","624.527","624.527"
"1521.115077371","631.853","631.853","631.853"
"1531.046488682","623.679","623.679","623.679"
"1541.046704226","626.659","626.659","626.659"
"1551.054303405","144.318","144.318","144.318"
"1561.049041992","171.736","171.736","171.736"
"1571.046970406","622.102","622.102","622.102"
"1581.100072277","620.463","620.463","620.463"
"1591.118609563","622.374","622.374","622.374"
"1601.092805677","631.346","631.346","631.346"
"1611.068163788","617.198","617.198","617.198"
"1621.046952787","627.597","627.597","627.597"
"1631.099983136","639.258","639.258","639.258"
"1641.046933758","644.885","644.885","644.885"
"1651.046136267","632.481","632.481","632.481"
"1661.085121274","631.464","631.464","631.464"
"1671.046758461","638.087","638.087","638.087"
"1681.046430896","148.763","148.763","148.763"
"1691.046400517","142.49","142.49","142.49"
"1701.046595708","611.185","611.185","611.185"
"1711.093386979","622.494","622.494","622.494"
"1721.046310725","622.658","622.658","622.658"
"1731.046548925","625.939","625.939","625.939"
"1741.082755533","629.975","629.975","629.975"
"1751.046063876","619.091","619.091","619.091"
"1761.046365341","627.524","627.524","627.524"
"1771.097776055","625.129","625.129","625.129"
"1781.046647051","631.127","631.127","631.127"
"1791.046684642","633.27","633.27","633.27"
"1801.051343307","634.04","634.04","634.04"
"1811.046921775","626.923","626.923","626.923"
"1821.059210417","148.198","148.198","148.198"
"1831.110153958","142.055","142.055","142.055"
"1841.116366914","614.362","614.362","614.362"
"1851.04651581","618.494","618.494","618.494"
"1861.046433495","619.249","619.249","619.249"
"1871.048288002","618.679","618.679","618.679"
"1881.082392537","636.202","636.202","636.202"
"1891.046177813","635.55","635.55","635.55"
"1901.045997705","632.34","632.34","632.34"
"1911.050537714","634.412","634.412","634.412"
"1921.046236183","629.686","629.686","629.686"
"1931.059254913","636.831","636.831","636.831"
"1941.08830099","632.144","632.144","632.144"
"1951.046635869","626.116","626.116","626.116"
"1961.104004827","145.686","145.686","145.686"
"1971.047286032","142.114","142.114","142.114"
"1981.048373265","615.309","615.309","615.309"
"1991.046964184","615.582","615.582","615.582"
"2001.046509416","631.342","631.342","631.342"
"2011.047525994","631.9","631.9","631.9"
"2021.060245135","630.002","630.002","630.002"
"2031.046836493","635.902","635.902","635.902"
"2041.046400798","641.083","641.083","641.083"
"2051.065158728","634.22","634.22","634.22"
"2061.046332105","632.27","632.27","632.27"
"2071.04623475","635.02","635.02","635.02"
"2081.046569239","632.267","632.267","632.267"
"2091.059201019","439.08","439.08","439.08"
"2101.047093","146.004","146.004","146.004"
"2111.056981966","139.848","139.848","139.848"
"2121.106699638","601.289","601.289","601.289"
"2131.052234308","606.661","606.661","606.661"
"2141.073685004","617.761","617.761","617.761"
"2151.046364524","625.719","625.719","625.719"
"2161.114569029","617.612","617.612","617.612"
"2171.048077322","625.228","625.228","625.228"
"2181.046958196","625.606","625.606","625.606"
"2191.046486085","639.226","639.226","639.226"
"2201.118698538","639.441","639.441","639.441"
"2211.05339587","638.378","638.378","638.378"
"2221.046598375","640.104","640.104","640.104"
"2231.048372721","668.135","668.135","668.135"
"2241.046908022","144.245","144.245","144.245"
"2251.047275152","140.968","140.968","140.968"
"2261.047005155","627.063","627.063","627.063"
"2271.047924515","615.488","615.488","615.488"
"2281.110852608","605.797","605.797","605.797"
"2291.046586559","633.039","633.039","633.039"
"2301.057639473","636.271","636.271","636.271"
"2311.078036334","638.653","638.653","638.653"
"2321.046468831","637.812","637.812","637.812"
"2331.046871225","644.613","644.613","644.613"
"2341.066339115","639.528","639.528","639.528"
"2351.046477376","643.06","643.06","643.06"
"2361.046748505","637.879","637.879","637.879"
"2371.082687301","148.902","148.902","148.902"
"2381.046535202","143.871","143.871","143.871"
"2391.09313575","612.001","612.001","612.001"
"2401.046787985","619.28","619.28","619.28"
"2411.076037841","626.979","626.979","626.979"
"2421.081924362","622.587","622.587","622.587"
"2431.046565007","623.234","623.234","623.234"
"2441.046154977","626.292","626.292","626.292"
"2451.088848409","620.081","620.081","620.081"
"2461.052248145","630.308","630.308","630.308"
"2471.046799593","626.319","626.319","626.319"
"2481.046275513","633.083","633.083","633.083"
"2491.067729409","638.674","638.674","638.674"
"2501.04594224","647.857","647.857","647.857"
"2511.078568071","147.277","147.277","147.277"
"2521.046912167","142.785","142.785","142.785"
"2531.054963189","606.939","606.939","606.939"
"2541.046608164","627.462","627.462","627.462"
"2551.114287352","625.076","625.076","625.076"
"2561.046724807","611.359","611.359","611.359"
"2571.106143819","628.353","628.353","628.353"
"2581.057684828","628.967","628.967","628.967"
"2591.046808906","638.138","638.138","638.138"
"2601.110785674","641.364","641.364","641.364"
"2611.045994559","637.905","637.905","637.905"
"2621.046102785","636.172","636.172","636.172"
"2631.076896514","639.599","639.599","639.599"
"2641.058371528","442.929","442.929","442.929"
"2651.046269989","145.522","145.522","145.522"
"2661.089254955","141.753","141.753","141.753"
"2671.115075048","626.852","626.852","626.852"
"2681.064410684","625.308","625.308","625.308"
"2691.046995792","619.418","619.418","619.418"
"2701.046562955","633.089","633.089","633.089"
"2711.046953072","636.276","636.276","636.276"
"2721.115912885","630.105","630.105","630.105"
"2731.046586764","617.271","617.271","617.271"
"2741.046581806","635.015","635.015","635.015"
"2751.103264044","633.436","633.436","633.436"
"2761.086731245","635.224","635.224","635.224"
"2771.054521658","634.661","634.661","634.661"
"2781.047205048","673.09","673.09","673.09"
"2791.046129289","144.605","144.605","144.605"
"2801.064613124","140.41","140.41","140.41"
"2811.046485295","626.692","626.692","626.692"
"2821.046894805","606.619","606.619","606.619"
"2831.048626317","610.945","610.945","610.945"
"2841.084858167","627.314","627.314","627.314"
"2851.046450288","624.648","624.648","624.648"
"2861.046540434","630.695","630.695","630.695"
"2871.046664276","628.277","628.277","628.277"
"2881.1081565","629.051","629.051","629.051"
"2891.046239215","639.981","639.981","639.981"
"2901.045982892","628.362","628.362","628.362"
"2911.046407058","643.033","643.033","643.033"
"2921.095405865","676.094","676.094","676.094"
"2931.046024111","144.365","144.365","144.365"
"2941.051031859","139.906","139.906","139.906"
"2951.11469272","620.084","620.084","620.084"
"2961.062190059","618.487","618.487","618.487"
"2971.046691482","633.655","633.655","633.655"
"2981.048932056","632.05","632.05","632.05"
"2991.050864756","618.927","618.927","618.927"
"3001.046820062","614.283","614.283","614.283"
"3011.046859806","630.856","630.856","630.856"
"3021.059650571","633.395","633.395","633.395"
"3031.06433982","632.763","632.763","632.763"
"3041.046051029","630.034","630.034","630.034"
"3051.046498043","637.375","637.375","637.375"
"3061.0693276","436.458","436.458","436.458"
"3071.046388827","145.205","145.205","145.205"
"3081.056364193","141.456","141.456","141.456"
"3091.059369386","617.545","617.545","617.545"
"3101.088201649","614.745","614.745","614.745"
"3111.050517044","615.061","615.061","615.061"
"3121.04603868","626.854","626.854","626.854"
"3131.098170617","638.429","638.429","638.429"
"3141.046677761","623.52","623.52","623.52"
"3151.046509055","632.739","632.739","632.739"
"3161.118103304","627.391","627.391","627.391"
"3171.04596777","627.91","627.91","627.91"
"3181.045863417","634.926","634.926","634.926"
"3191.049072005","633.742","633.742","633.742"
"3201.077971116","669.837","669.837","669.837"
"3211.112068888","144.887","144.887","144.887"
"3221.046877096","140.475","140.475","140.475"
"3231.088655741","617.144","617.144","617.144"
"3241.049236361","620.409","620.409","620.409"
"3251.046364515","626.247","626.247","626.247"
"3261.046863825","632.284","632.284","632.284"
"3271.053860635","615.97","615.97","615.97"
"3281.046726097","614.782","614.782","614.782"
"3291.054754052","619.149","619.149","619.149"
"3301.102393715","622.459","622.459","622.459"
"3311.07116568","638.551","638.551","638.551"
"3321.05323871","633.037","633.037","633.037"
"3331.046824148","630.609","630.609","630.609"
"3341.10344656","673.608","673.608","673.608"
"3351.083060012","144.826","144.826","144.826"
"3361.046076716","140.511","140.511","140.511"
"3371.046960022","612.906","612.906","612.906"
"3381.045992653","622.948","622.948","622.948"
"3391.049941781","633.584","633.584","633.584"
"3401.057720775","627.171","627.171","627.171"
"3411.046812085","627.571","627.571","627.571"
"3421.115084955","641.238","641.238","641.238"
"3431.051405702","634.747","634.747","634.747"
"3441.096171639","635.408","635.408","635.408"
"3451.103925831","630.927","630.927","630.927"
"3461.046505683","622.948","622.948","622.948"
"3471.04625781","634.773","634.773","634.773"
"3481.047964836","675.249","675.249","675.249"
"3491.04644818","145.284","145.284","145.284"
"3501.046883129","139.989","139.989","139.989"
"3511.059909536","611.443","611.443","611.443"
"3521.046826233","604.348","604.348","604.348"
"3531.077674714","623.804","623.804","623.804"
"3541.045964592","633.518","633.518","633.518"
"3551.05916025","614.764","614.764","614.764"
"3561.109414148","630.718","630.718","630.718"
"3571.046269668","625.775","625.775","625.775"
"3581.046261179","629.728","629.728","629.728"
"3591.066417089","632.79","632.79","632.79"
"3601.04676795","633.07","633.07","633.07"
"3611.046060059","647.812","647.812","647.812"
"3621.068141947","670.939","670.939","670.939"
"3631.046665007","146.953","146.953","146.953"
"3641.109359093","141.804","141.804","141.804"
"3651.046609723","621.948","621.948","621.948"
"3661.114389445","621.586","621.586","621.586"
"3671.046656328","626.676","626.676","626.676"
"3681.046842625","635.379","635.379","635.379"
"3691.115921053","629.398","629.398","629.398"
"3701.046130211","626.475","626.475","626.475"
"3711.046733186","634.413","634.413","634.413"
"3721.046770905","638.696","638.696","638.696"
"3731.04605783","627.383","627.383","627.383"
"3741.046629667","634.179","634.179","634.179"
"3751.07045542","630.42","630.42","630.42"
"3761.046753137","668.72","668.72","668.72"
"3771.046886281","144.845","144.845","144.845"
"3781.046852543","139.753","139.753","139.753"
"3791.046646898","136.819","136.819","136.819"
"3801.072903596","624.758","624.758","624.758"
"3811.046461404","617.843","617.843","617.843"
"3821.046006317","615.739","615.739","615.739"
"3831.054725721","613.503","613.503","613.503"
"3841.053047448","625.78","625.78","625.78"
"3851.046683736","619.105","619.105","619.105"
"3861.046359595","626.71","626.71","626.71"
"3871.077298978","627.183","627.183","627.183"
"3881.046471129","625.361","625.361","625.361"
"3891.046739602","631.432","631.432","631.432"
"3901.098291201","621.67","621.67","621.67"
"3911.060811676","669.287","669.287","669.287"
"3921.06609161","142.942","142.942","142.942"
"3931.091278181","138.732","138.732","138.732"
"3941.055135315","620.943","620.943","620.943"
"3951.046345426","612.729","612.729","612.729"
"3961.046600683","617.665","617.665","617.665"
"3971.0888223","618.101","618.101","618.101"
"3981.046067313","623.869","623.869","623.869"
"3991.04652395","619.031","619.031","619.031"
"4001.047050986","627.399","627.399","627.399"
"4011.046334968","625.443","625.443","625.443"
"4021.046077386","633.336","633.336","633.336"
"4031.045938943","619.979","619.979","619.979"
"4041.097677776","629.163","629.163","629.163"
"4051.046614132","286.992","286.992","286.992"
"4061.047086033","143.939","143.939","143.939"
"4071.110421663","139.061","139.061","139.061"
"4081.063259704","505.825","505.825","505.825"
"4091.04650718","613.938","613.938","613.938"
"4101.046195262","622.388","622.388","622.388"
"4111.046965567","625.516","625.516","625.516"
"4121.090683044","616.518","616.518","616.518"
"4131.046597094","612.379","612.379","612.379"
"4141.046801759","631.51","631.51","631.51"
"4151.089309363","637.554","637.554","637.554"
"4161.055658851","639.168","639.168","639.168"
"4171.046818626","627.139","627.139","627.139"
"4181.10970033","627.583","627.583","627.583"
"4191.046523754","638.781","638.781","638.781"
"4201.097435985","146.182","146.182","146.182"
"4211.04664476","142.243","142.243","142.243"
"4221.081228706","138.668","138.668","138.668"
"4231.140133077","616.839","616.839","616.839"
"4241.046720796","627.037","627.037","627.037"
"4251.046209451","636.82","636.82","636.82"
"4261.05153681","640.156","640.156","640.156"
"4271.046800224","623.15","623.15","623.15"
"4281.046561555","631.305","631.305","631.305"
"4291.046308325","635.609","635.609","635.609"
"4301.051838311","633.836","633.836","633.836"
"4311.060111757","628.895","628.895","628.895"
"4321.046137862","632.009","632.009","632.009"
"4331.046499329","625.974","625.974","625.974"
"4341.116777101","537.441","537.441","537.441"
"4351.075175825","143.564","143.564","143.564"
"4361.046571941","139.169","139.169","139.169"
"4371.115720354","606.301","606.301","606.301"
"4381.046716564","614.097","614.097","614.097"
"4391.046301988","635.608","635.608","635.608"
"4401.05680068","622.373","622.373","622.373"
"4411.046854136","617.905","617.905","617.905"
"4421.046899119","639.59","639.59","639.59"
"4431.053974884","631.495","631.495","631.495"
"4441.107756466","632.437","632.437","632.437"
"4451.046690383","622.117","622.117","622.117"
"4461.045956763","620.587","620.587","620.587"
"4471.046407425","626.955","626.955","626.955"
"4481.048904604","671.755","671.755","671.755"
"4491.046508932","145.256","145.256","145.256"
"4501.057089875","139.832","139.832","139.832"
"4511.057825437","136.766","136.766","136.766"
"4521.047005774","607.768","607.768","607.768"
"4531.046975887","601.306","601.306","601.306"
"4541.047037297","616.607","616.607","616.607"
"4551.063465405","607.224","607.224","607.224"
"4561.046915763","605.31","605.31","605.31"
"4571.04690546","629.916","629.916","629.916"
"4581.053076629","606.855","606.855","606.855"
"4591.0462916","626.155","626.155","626.155"
"4601.118819209","629.33","629.33","629.33"
"4611.046249726","641.343","641.343","641.343"
"4621.046787817","626.016","626.016","626.016"
"4631.046548567","303.627","303.627","303.627"
"4641.057378464","144.624","144.624","144.624"
"4651.094280366","140.577","140.577","140.577"
"4661.046538524","136.484","136.484","136.484"
"4671.046771739","620.311","620.311","620.311"
"4681.047647507","615.787","615.787","615.787"
"4691.047016722","612.812","612.812","612.812"
"4701.046407442","618.894","618.894","618.894"
"4711.0948379","614.071","614.071","614.071"
"4721.046286396","620.882","620.882","620.882"
"4731.04633362","615.581","615.581","615.581"
"4741.1179298","638.056","638.056","638.056"
"4751.046357027","623.748","623.748","623.748"
"4761.088022935","621.965","621.965","621.965"
"4771.089660219","623.513","623.513","623.513"
"4781.047066032","215.699","215.699","215.699"
"4791.04685677","146.729","146.729","146.729"
"4801.04610606","141.316","141.316","141.316"
"4811.047174155","616.596","616.596","616.596"
"4821.059885092","615.095","615.095","615.095"
"4831.124577149","616.475","616.475","616.475"
"4841.046605695","613.886","613.886","613.886"
"4851.097027587","628.235","628.235","628.235"
"4861.046934441","623.887","623.887","623.887"
"4871.046297718","624.738","624.738","624.738"
"4881.067061091","626.132","626.132","626.132"
"4891.046016858","634.025","634.025","634.025"
"4901.057112802","644.811","644.811","644.811"
"4911.047647665","647.413","647.413","647.413"
"4921.08703821","471.764","471.764","471.764"
"4931.046825807","145.764","145.764","145.764"
"4941.046349758","142.629","142.629","142.629"
"4951.047076376","610.999","610.999","610.999"
"4961.095296069","618.115","618.115","618.115"
"4971.050319425","628.941","628.941","628.941"
"4981.046071304","628.583","628.583","628.583"
"4991.052156059","626.412","626.412","626.412"
"5001.053807968","632.898","632.898","632.898"
"5011.045951201","634.369","634.369","634.369"
"5021.100496111","632.643","632.643","632.643"
"5031.052331754","628.248","628.248","628.248"
"5041.045968571","627.492","627.492","627.492"
"5051.051357511","636.007","636.007","636.007"
"5061.045959329","638.099","638.099","638.099"
"5071.046378361","146.247","146.247","146.247"
"5081.114417397","142.885","142.885","142.885"
"5091.067715423","631.267","631.267","631.267"
"5101.050515902","624.497","624.497","624.497"
"5111.086009766","620.707","620.707","620.707"
"5121.046810974","631.563","631.563","631.563"
"5131.069007545","634.396","634.396","634.396"
"5141.046592354","628.723","628.723","628.723"
"5151.046131889","625.001","625.001","625.001"
"5161.063688061","633.92","633.92","633.92"
"5171.046107607","639.17","639.17","639.17"
"5181.045975369","639.624","639.624","639.624"
"5191.116694497","628.009","628.009","628.009"
"5201.061859094","357.031","357.031","357.031"
"5211.046271462","145.412","145.412","145.412"
"5221.04807246","142.453","142.453","142.453"
"5231.046853171","619.067","619.067","619.067"
"5241.103046867","622.584","622.584","622.584"
"5251.06013706","617.247","617.247","617.247"
"5261.046143909","628.71","628.71","628.71"
"5271.046453948","628.812","628.812","628.812"
"5281.046320717","638.927","638.927","638.927"
"5291.050628366","631.966","631.966","631.966"
"5301.046575191","631.744","631.744","631.744"
"5311.060640478","636.531","636.531","636.531"
"5321.091875544","631.344","631.344","631.344"
"5331.046592049","627.884","627.884","627.884"
"5341.047212555","520.052","520.052","520.052"
"5351.059892451","147.716","147.716","147.716"
"5361.046572778","142.323","142.323","142.323"
"5371.046646975","622.677","622.677","622.677"
"5381.048689576","625.842","625.842","625.842"
"5391.065095398","632.405","632.405","632.405"
"5401.078114211","617.536","617.536","617.536"
"5411.046906255","617.114","617.114","617.114"
"5421.04631766","630.481","630.481","630.481"
"5431.057573765","621.337","621.337","621.337"
"5441.046896072","622.274","622.274","622.274"
"5451.046261589","636.93","636.93","636.93"
"5461.046442763","620.922","620.922","620.922"
"5471.046582719","636.814","636.814","636.814"
"5481.055197261","557.089","557.089","557.089"
"5491.046343268","146.544","146.544","146.544"
"5501.046222837","142.045","142.045","142.045"
"5511.047083441","626.101","626.101","626.101"
"5521.046184732","616.004","616.004","616.004"
"5531.072085311","621.831","621.831","621.831"
"5541.046307075","624.91","624.91","624.91"
"5551.046210134","616.988","616.988","616.988"
"5561.113998575","620.528","620.528","620.528"
"5571.046824611","624.569","624.569","624.569"
"5581.04645029","622.227","622.227","622.227"
"5591.082855139","638.17","638.17","638.17"
"5601.045956884","646.633","646.633","646.633"
"5611.055409802","640.363","640.363","640.363"
"5621.105252584","676.386","676.386","676.386"
"5631.046884919","146.145","146.145","146.145"
"5641.046739341","140.905","140.905","140.905"
"5651.048273266","608.93","608.93","608.93"
"5661.064241157","620.637","620.637","620.637"
"5671.046534175","623.654","623.654","623.654"
"5681.058127074","628.019","628.019","628.019"
"5691.106392917","629.618","629.618","629.618"
"5701.057791978","638.537","638.537","638.537"
"5711.117464949","644.549","644.549","644.549"
"5721.056214203","636.589","636.589","636.589"
"5731.060434194","634.441","634.441","634.441"
"5741.04692761","646.309","646.309","646.309"
"5751.046799424","626.619","626.619","626.619"
"5761.121680777","676.554","676.554","676.554"
"5771.049316286","144.67","144.67","144.67"
"5781.046841111","139.261","139.261","139.261"
"5791.047008257","609.847","609.847","609.847"
"5801.061285046","618.398","618.398","618.398"
"5811.107324543","625.929","625.929","625.929"
"5821.046391724","634.083","634.083","634.083"
"5831.046852252","627.097","627.097","627.097"
"5841.114252664","628.332","628.332","628.332"
"5851.046617222","633.146","633.146","633.146"
"5861.046695696","629.123","629.123","629.123"
"5871.055033203","629.253","629.253","629.253"
"5881.069777617","626.841","626.841","626.841"
"5891.046459168","632.444","632.444","632.444"
"5901.123795033","678.042","678.042","678.042"
"5911.051914871","144.352","144.352","144.352"
"5921.074453158","140.768","140.768","140.768"
"5931.046698627","605.836","605.836","605.836"
"5941.099335977","608.62","608.62","608.62"
"5951.06996221","624.227","624.227","624.227"
"5961.046186003","628.603","628.603","628.603"
"5971.05582139","634.16","634.16","634.16"
"5981.070229408","625.058","625.058","625.058"
"5991.045945868","630.64","630.64","630.64"
"6001.050653548","632.525","632.525","632.525"
"6011.045930333","630.292","630.292","630.292"
"6021.12379916","631.087","631.087","631.087"
"6031.046424629","642.328","642.328","642.328"
"6041.046873827","669.031","669.031","669.031"
"6051.046962668","144.366","144.366","144.366"
"6061.050304701","140.704","140.704","140.704"
"6071.049135672","621.041","621.041","621.041"
"6081.052685995","631.838","631.838","631.838"
"6091.100911114","625.417","625.417","625.417"
"6101.046179216","626.613","626.613","626.613"
"6111.046143033","644.952","644.952","644.952"
"6121.092953703","628.637","628.637","628.637"
"6131.046607056","635.309","635.309","635.309"
"6141.046988702","629.682","629.682","629.682"
"6151.113088974","631.54","631.54","631.54"
"6161.058912987","631.652","631.652","631.652"
"6171.108471466","625.271","625.271","625.271"
"6181.047062498","629.074","629.074","629.074"
"6191.046554213","143.987","143.987","143.987"
"6201.046808049","140.838","140.838","140.838"
"6211.047536098","626.026","626.026","626.026"
"6221.089538328","617.416","617.416","617.416"
"6231.04798713","625.282","625.282","625.282"
"6241.098907","626.575","626.575","626.575"
"6251.096067199","628.511","628.511","628.511"
"6261.04685095","632.433","632.433","632.433"
"6271.046906096","631.125","631.125","631.125"
"6281.10373746","636.935","636.935","636.935"
"6291.04691373","636.947","636.947","636.947"
"6301.046320324","637.696","637.696","637.696"
"6311.046534831","644.746","644.746","644.746"
"6321.072868173","551.825","551.825","551.825"
"6331.046967046","143.992","143.992","143.992"
"6341.04635764","139.221","139.221","139.221"
"6351.103968917","628.173","628.173","628.173"
"6361.046655133","608.189","608.189","608.189"
"6371.046095615","617.995","617.995","617.995"
"6381.046700591","621.966","621.966","621.966"
"6391.046799674","620.152","620.152","620.152"
"6401.04693018","627.185","627.185","627.185"
"6411.046690122","616.254","616.254","616.254"
"6421.100173863","618.879","618.879","618.879"
"6431.046875774","628.465","628.465","628.465"
"6441.046476611","632.17","632.17","632.17"
"6451.072705695","632.882","632.882","632.882"
"6461.046855416","669.46","669.46","669.46"
"6471.046174841","144.547","144.547","144.547"
"6481.060870383","139.856","139.856","139.856"
"6491.070156069","602.533","602.533","602.533"
"6501.04619346","602.694","602.694","602.694"
"6511.100147734","621.976","621.976","621.976"
"6521.078150301","626.293","626.293","626.293"
"6531.045994989","618.43","618.43","618.43"
"6541.046512764","619.617","619.617","619.617"
"6551.094230517","622.436","622.436","622.436"
"6561.108108352","626.309","626.309","626.309"
"6571.046006096","633.337","633.337","633.337"
"6581.046956196","633.091","633.091","633.091"
"6591.067056057","629.575","629.575","629.575"
"6601.058699425","439.804","439.804","439.804"
"6611.069855628","145.924","145.924","145.924"
"6621.046436578","141.733","141.733","141.733"
"6631.110330361","608.6","608.6","608.6"
"6641.046180016","621.444","621.444","621.444"
"6651.090649315","617.018","617.018","617.018"
"6661.04614669","636.487","636.487","636.487"
"6671.046625872","637.913","637.913","637.913"
"6681.11984779","620.783","620.783","620.783"
"6691.100927929","635.358","635.358","635.358"
"6701.046056475","641.278","641.278","641.278"
"6711.046119424","632.626","632.626","632.626"
"6721.083097219","635.787","635.787","635.787"
"6731.046861879","624.999","624.999","624.999"
"6741.061846917","657.359","657.359","657.359"
"6751.046476055","145.903","145.903","145.903"
"6761.075238422","142.074","142.074","142.074"
"6771.046750981","621.477","621.477","621.477"
"6781.046727912","609.737","609.737","609.737"
"6791.06023868","627.668","627.668","627.668"
"6801.046079107","618.679","618.679","618.679"
"6811.096469136","624.557","624.557","624.557"
"6821.104357297","627.692","627.692","627.692"
"6831.055389544","626.236","626.236","626.236"
"6841.046934116","629.035","629.035","629.035"
"6851.100502897","633.609","633.609","633.609"
"6861.057334299","624.726","624.726","624.726"
"6871.046654922","636.194","636.194","636.194"
"6881.04756288","396.743","396.743","396.743"
"6891.046200514","146.602","146.602","146.602"
"6901.110829675","140.404","140.404","140.404"
"6911.049470505","138.47","138.47","138.47"
"6921.045991372","607.787","607.787","607.787"
"6931.083399832","607.298","607.298","607.298"
"6941.049056944","616.269","616.269","616.269"
"6951.046844771","616.968","616.968","616.968"
"6961.046622862","631.284","631.284","631.284"
"6971.093188112","620.858","620.858","620.858"
"6981.046153222","640.988","640.988","640.988"
"6991.075483147","638.792","638.792","638.792"
"7001.109149288","629.528","629.528","629.528"
"7011.046324371","630.319","630.319","630.319"
"7021.046698951","625.664","625.664","625.664"
"7031.057442975","149.224","149.224","149.224"
"7041.046727428","143.491","143.491","143.491"
"7051.059541783","139.795","139.795","139.795"
"7061.046995078","605.798","605.798","605.798"
"7071.046202634","613.367","613.367","613.367"
"7081.105112297","611.467","611.467","611.467"
"7091.058670695","618.356","618.356","618.356"
"7101.046296759","616.617","616.617","616.617"
"7111.113554178","627.545","627.545","627.545"
"7121.066771706","621.514","621.514","621.514"
"7131.046761097","627.342","627.342","627.342"
"7141.113143176","625.8","625.8","625.8"
"7151.051671621","631.263","631.263","631.263"
"7161.046148493","637.561","637.561","637.561"
"7171.047679408","631.398","631.398","631.398"
"7181.047043478","147.936","147.936","147.936"
"7191.049519236","142.715","142.715","142.715"
"7201.046486796","139.262","139.262","139.262"
"7211.047231684","609.713","609.713","609.713"
"7221.108440353","604.179","604.179","604.179"
"7231.056670779","621.296","621.296","621.296"
"7241.099223369","626.637","626.637","626.637"
"7251.102541666","617.929","617.929","617.929"
"7261.065653946","624.09","624.09","624.09"
"7271.045941836","617.615","617.615","617.615"
"7281.046383777","616.504","616.504","616.504"
"7291.077873858","638.544","638.544","638.544"
"7301.054309699","635.198","635.198","635.198"
"7311.046509293","632.678","632.678","632.678"
"7321.105654384","203.308","203.308","203.308"
"7331.046669644","146.879","146.879","146.879"
"7341.047151714","142.434","142.434","142.434"
"7351.046911277","138.929","138.929","138.929"
"7361.046539735","612.563","612.563","612.563"
"7371.087529746","621.105","621.105","621.105"
"7381.055980077","612.813","612.813","612.813"
"7391.055968283","614.444","614.444","614.444"
"7401.055378115","623.708","623.708","623.708"
"7411.108144884","607.63","607.63","607.63"
"7421.046880819","626.405","626.405","626.405"
"7431.046315067","619.531","619.531","619.531"
"7441.103068127","625.954","625.954","625.954"
"7451.08615919","635.522","635.522","635.522"
"7461.04689003","631.786","631.786","631.786"
"7471.047259905","209.664","209.664","209.664"
"7481.115836189","146.195","146.195","146.195"
"7491.04655071","140.108","140.108","140.108"
"7501.092141483","618.969","618.969","618.969"
"7511.046874968","624.468","624.468","624.468"
"7521.104121602","621.186","621.186","621.186"
"7531.048483369","619.5","619.5","619.5"
"7541.067606476","633.935","633.935","633.935"
"7551.046163656","630.906","630.906","630.906"
"7561.046590749","633.191","633.191","633.191"
"7571.088624005","619.273","619.273","619.273"
"7581.04612626","632.396","632.396","632.396"
"7591.046984942","624.608","624.608","624.608"
"7601.048193291","627.219","627.219","627.219"
"7611.046781257","194.156","194.156","194.156"
"7621.086108814","144.667","144.667","144.667"
"7631.09248939","140.528","140.528","140.528"
"7641.115717254","138.052","138.052","138.052"
"7651.046532544","615.006","615.006","615.006"
"7661.054667703","613.88","613.88","613.88"
"7671.046760896","613.081","613.081","613.081"
"7681.046868465","622.045","622.045","622.045"
"7691.048244816","614.74","614.74","614.74"
"7701.080223801","633.645","633.645","633.645"
"7711.045948192","627.587","627.587","627.587"
"7721.047502919","625.213","625.213","625.213"
"7731.054760468","631.088","631.088","631.088"
"7741.107202217","634.738","634.738","634.738"
"7751.116464879","634.158","634.158","634.158"
"7761.046916273","147.428","147.428","147.428"
"7771.05842133","143.062","143.062","143.062"
"7781.046873082","138.446","138.446","138.446"
"7791.069010045","615.928","615.928","615.928"
"7801.046853762","615.378","615.378","615.378"
"7811.107134167","614.228","614.228","614.228"
"7821.061955971","613.943","613.943","613.943"
"7831.046504826","617.54","617.54","617.54"
"7841.125979866","612.001","612.001","612.001"
"7851.046097535","626.308","626.308","626.308"
"7861.046238229","635.418","635.418","635.418"
"7871.050980131","627.987","627.987","627.987"
"7881.086444008","632.663","632.663","632.663"
"7891.046928954","633.997","633.997","633.997"
"7901.048295775","630.841","630.841","630.841"
"7911.056737083","145.858","145.858","145.858"
"7921.085375532","142.026","142.026","142.026"
"7931.060571954","604.292","604.292","604.292"
"7941.108579697","620.116","620.116","620.116"
"7951.046987861","629.983","629.983","629.983"
"7961.045710105","618.164","618.164","618.164"
"7971.089790408","628.335","628.335","628.335"
"7981.046281225","632.378","632.378","632.378"
"7991.087166385","627.834","627.834","627.834"
"8001.046573525","632.115","632.115","632.115"
"8011.045828449","639.691","639.691","639.691"
"8021.047404968","645.928","645.928","645.928"
"8031.104072209","643.875","643.875","643.875"
"8041.047227087","194.499","194.499","194.499"
"8051.046872031","146.928","146.928","146.928"
"8061.103713674","142.834","142.834","142.834"
"8071.046781958","139.2","139.2","139.2"
"8081.056710548","606.862","606.862","606.862"
"8091.094051121","618.72","618.72","618.72"
"8101.04698551","625.048","625.048","625.048"
"8111.046624502","621.41","621.41","621.41"
"8121.097542704","633.554","633.554","633.554"
"8131.050149369","632.359","632.359","632.359"
"8141.046007048","640.318","640.318","640.318"
"8151.071899413","641.419","641.419","641.419"
"8161.046069137","630.198","630.198","630.198"
"8171.047458343","639.176","639.176","639.176"
"8181.06405523","629.148","629.148","629.148"
"8191.046188864","677.118","677.118","677.118"
"8201.046467463","144.61","144.61","144.61"
"8211.046286441","140.895","140.895","140.895"
"8221.108783112","625.34","625.34","625.34"
"8231.054322616","624.478","624.478","624.478"
"8241.046645787","637.237","637.237","637.237"
"8251.104810082","633.94","633.94","633.94"
"8261.04624915","631.865","631.865","631.865"
"8271.046612742","629.383","629.383","629.383"
"8281.084442892","628.142","628.142","628.142"
"8291.045960358","617.231","617.231","617.231"
"8301.046570226","620.44","620.44","620.44"
"8311.102680705","638.349","638.349","638.349"
"8321.046055444","640.508","640.508","640.508"
"8331.046453757","676.784","676.784","676.784"
"8341.048841184","144.821","144.821","144.821"
"8351.056324707","141.146","141.146","141.146"
"8361.046588907","620.212","620.212","620.212"
"8371.046683889","626.751","626.751","626.751"
"8381.083907279","638.661","638.661","638.661"
"8391.073396365","630.329","630.329","630.329"
"8401.04623292","629.055","629.055","629.055"
"8411.046252892","630.833","630.833","630.833"
"8421.046123135","630.487","630.487","630.487"
"8431.078226683","634.068","634.068","634.068"
"8441.046868785","630.346","630.346","630.346"
"8451.046552945","630.497","630.497","630.497"
"8461.069484153","624.798","624.798","624.798"
"8471.046949279","676.328","676.328","676.328"
"8481.046699744","145.106","145.106","145.106"
"8491.046656707","141.232","141.232","141.232"
"8501.04715067","609.76","609.76","609.76"
"8511.047241395","623.73","623.73","623.73"
"8521.050560546","634.874","634.874","634.874"
"8531.046539731","636.776","636.776","636.776"
"8541.046057553","632.041","632.041","632.041"
"8551.076014386","633.714","633.714","633.714"
"8561.111603035","639.053","639.053","639.053"
"8571.116692447","646.177","646.177","646.177"
"8581.047219856","639.575","639.575","639.575"
"8591.046671757","636.381","636.381","636.381"
"8601.046818995","640.292","640.292","640.292"
"8611.114921594","669.106","669.106","669.106"
"8621.04690822","144.742","144.742","144.742"
"8631.051272536","138.827","138.827","138.827"
"8641.046261405","136.422","136.422","136.422"
"8651.046861705","617.919","617.919","617.919"
"8661.047009679","622.944","622.944","622.944"
"8671.04661163","619.706","619.706","619.706"
"8681.05789885","620.776","620.776","620.776"
"8691.069284535","620.715","620.715","620.715"
"8701.113688976","614.036","614.036","614.036"
"8711.046395388","617.739","617.739","617.739"
"8721.088959934","616.089","616.089","616.089"
"8731.046128865","624.304","624.304","624.304"
"8741.062111384","619.777","619.777","619.777"
"8751.107603752","631.803","631.803","631.803"
"8761.046645696","669.466","669.466","669.466"
"8771.046526183","145.369","145.369","145.369"
"8781.046874835","140.22","140.22","140.22"
"8791.081487992","618.296","618.296","618.296"
"8801.04666624","614.41","614.41","614.41"
"8811.051290115","623.756","623.756","623.756"
"8821.072192568","623.847","623.847","623.847"
"8831.046336788","631.796","631.796","631.796"
"8841.046265818","637.637","637.637","637.637"
"8851.048820804","626.771","626.771","626.771"
"8861.046650767","624.705","624.705","624.705"
"8871.047003355","634.005","634.005","634.005"
"8881.079482853","639.858","639.858","639.858"
"8891.083254525","631.035","631.035","631.035"
"8901.046418891","669.157","669.157","669.157"
"8911.046417172","145.896","145.896","145.896"
"8921.046394491","140.372","140.372","140.372"
"8931.083424447","597.132","597.132","597.132"
"8941.046151976","602.405","602.405","602.405"
"8951.04996352","613.774","613.774","613.774"
"8961.094118304","628.861","628.861","628.861"
"8971.046786856","624.501","624.501","624.501"
"8981.045962404","621.956","621.956","621.956"
"8991.082704165","627.001","627.001","627.001"
"9001.046353434","630.762","630.762","630.762"
"9011.054247879","631.361","631.361","631.361"
"9021.080000026","647.673","647.673","647.673"
"9031.04688124","644.316","644.316","644.316"
"9041.046648412","638.03","638.03","638.03"
"9051.046863016","146.125","146.125","146.125"
"9061.046659949","142.707","142.707","142.707"
"9071.046611283","138.896","138.896","138.896"
"9081.046226167","616.259","616.259","616.259"
"9091.045985467","618.656","618.656","618.656"
"9101.052812283","614.765","614.765","614.765"
"9111.046614068","610.629","610.629","610.629"
"9121.046876286","628.033","628.033","628.033"
"9131.052900691","627.182","627.182","627.182"
"9141.066710541","625.117","625.117","625.117"
"9151.046930327","627.197","627.197","627.197"
"9161.061677308","630.216","630.216","630.216"
"9171.046325311","634.453","634.453","634.453"
"9181.103245762","627.397","627.397","627.397"
"9191.056519185","625.6","625.6","625.6"
"9201.046482009","146.177","146.177","146.177"
"9211.046715395","142.175","142.175","142.175"
"9221.104106701","617.709","617.709","617.709"
"9231.049986781","625.799","625.799","625.799"
"9241.046748155","633.88","633.88","633.88"
"9251.046953989","625.519","625.519","625.519"
"9261.104927063","628.193","628.193","628.193"
"9271.046085194","629.309","629.309","629.309"
"9281.046805659","631.318","631.318","631.318"
"9291.102999926","628.033","628.033","628.033"
"9301.046320581","622.505","622.505","622.505"
"9311.089702074","623.535","623.535","623.535"
"9321.046106066","622.226","622.226","622.226"
"9331.047947825","411.566","411.566","411.566"
"9341.046040065","145.811","145.811","145.811"
"9351.115134337","141.612","141.612","141.612"
"9361.046673624","599.234","599.234","599.234"
"9371.04645027","606.282","606.282","606.282"
"9381.045988959","617.634","617.634","617.634"
"9391.052335513","620.867","620.867","620.867"
"9401.062273952","630.739","630.739","630.739"
"9411.046761505","626.22","626.22","626.22"
"9421.109297708","623.895","623.895","623.895"
"9431.046050536","624.902","624.902","624.902"
"9441.046888762","629.986","629.986","629.986"
"9451.059611333","638.627","638.627","638.627"
"9461.081587592","635.744","635.744","635.744"
"9471.046876305","635.161","635.161","635.161"
"9481.106386743","146.355","146.355","146.355"
"9491.072289863","142.372","142.372","142.372"
"9501.04598851","137.735","137.735","137.735"
"9511.046828912","624.499","624.499","624.499"
"9521.056523733","616.891","616.891","616.891"
"9531.060736435","618.994","618.994","618.994"
"9541.046212608","625.886","625.886","625.886"
"9551.046692686","624.816","624.816","624.816"
"9561.09325118","623.327","623.327","623.327"
"9571.045900147","621.728","621.728","621.728"
"9581.04576249","630.539","630.539","630.539"
"9591.04956693","623.895","623.895","623.895"
"9601.047161083","622.282","622.282","622.282"
"9611.046058549","624.689","624.689","624.689"
"9621.046952232","226.672","226.672","226.672"
"9631.048996714","147.022","147.022","147.022"
"9641.046740597","142.058","142.058","142.058"
"9651.046481594","234.524","234.524","234.524"
"9661.050666648","615.847","615.847","615.847"
"9671.046440489","619.816","619.816","619.816"
"9681.04655029","617.038","617.038","617.038"
"9691.046308343","617.055","617.055","617.055"
"9701.084873167","630.415","630.415","630.415"
"9711.095926117","623.281","623.281","623.281"
"9721.046157389","621.036","621.036","621.036"
"9731.046038835","630.101","630.101","630.101"
"9741.046274206","623.26","623.26","623.26"
"9751.047360884","622.076","622.076","622.076"
"9761.046515569","633.957","633.957","633.957"
"9771.072241731","146.927","146.927","146.927"
"9781.092801632","142.854","142.854","142.854"
"9791.048884014","215.216","215.216","215.216"
"9801.046361168","622.442","622.442","622.442"
"9811.045921484","639.487","639.487","639.487"
"9821.046257106","618.955","618.955","618.955"
"9831.04903676","612.191","612.191","612.191"
"9841.108626742","618.622","618.622","618.622"
"9851.11185645","620.093","620.093","620.093"
"9861.074462372","623.273","623.273","623.273"
"9871.046665185","632.649","632.649","632.649"
"9881.046947302","621.738","621.738","621.738"
"9891.100512279","633.145","633.145","633.145"
"9901.046879977","635.794","635.794","635.794"
"9911.047011244","147.246","147.246","147.246"
"9921.046374054","143.535","143.535","143.535"
"9931.046917135","531.523","531.523","531.523"
"9941.046759054","614.959","614.959","614.959"
"9951.100900551","633.861","633.861","633.861"
"9961.04597268","622.445","622.445","622.445"
"9971.046852949","639.383","639.383","639.383"
"9981.046882487","628.845","628.845","628.845"
"9991.046830041","628.281","628.281","628.281"
"10001.054197369","642.737","642.737","642.737"
"10011.046313014","636.052","636.052","636.052"
"10021.04836869","631.418","631.418","631.418"
"10031.046830176","630.513","630.513","630.513"
"10041.046847298","639.559","639.559","639.559"
"10051.092114088","147.303","147.303","147.303"
"10061.046489985","142.552","142.552","142.552"
"10071.052309069","140.217","140.217","140.217"
"10081.047077036","617.631","617.631","617.631"
"10091.046424198","618.8","618.8","618.8"
"10101.088472099","635.422","635.422","635.422"
"10111.046801198","618.443","618.443","618.443"
"10121.045997702","629.003","629.003","629.003"
"10131.086479983","628.648","628.648","628.648"
"10141.046919381","630.259","630.259","630.259"
"10151.046222702","628.162","628.162","628.162"
"10161.046710359","643.04","643.04","643.04"
"10171.088976791","644.478","644.478","644.478"
"10181.046212628","642.888","642.888","642.888"
"10191.046441177","147.725","147.725","147.725"
"10201.046969441","142.567","142.567","142.567"
"10211.094910313","138.303","138.303","138.303"
"10221.046982853","609.306","609.306","609.306"
"10231.09541634","602.978","602.978","602.978"
"10241.109909968","612.866","612.866","612.866"
"10251.052526449","619.198","619.198","619.198"
"10261.046675592","618.408","618.408","618.408"
"10271.107080497","618.42","618.42","618.42"
"10281.058476803","627.462","627.462","627.462"
"10291.046611085","621.237","621.237","621.237"
"10301.05636014","628.252","628.252","628.252"
"10311.046496431","635.676","635.676","635.676"
"10321.046304975","633.499","633.499","633.499"
"10331.047016665","495.975","495.975","495.975"
"10341.097465826","144.851","144.851","144.851"
"10351.100530572","142.027","142.027","142.027"
"10361.112968781","138.058","138.058","138.058"
"10371.046370072","605.194","605.194","605.194"
"10381.047023267","613.546","613.546","613.546"
"10391.047024548","625.006","625.006","625.006"
"10401.1023803","619.948","619.948","619.948"
"10411.046680164","625.15","625.15","625.15"
"10421.046401185","626.953","626.953","626.953"
"10431.049409834","632.707","632.707","632.707"
"10441.046839819","633.971","633.971","633.971"
"10451.046845325","639.148","639.148","639.148"
"10461.085789987","634.876","634.876","634.876"
"10471.046848593","645.364","645.364","645.364"
"10481.072434619","635.369","635.369","635.369"
"10491.04628779","145.844","145.844","145.844"
"10501.046323728","142.683","142.683","142.683"
"10511.046202192","138.462","138.462","138.462"
"10521.052793991","615.762","615.762","615.762"
"10531.046361206","620.344","620.344","620.344"
"10541.04667238","625.963","625.963","625.963"
"10551.046620093","623.974","623.974","623.974"
"10561.058325525","623.488","623.488","623.488"
"10571.065882391","636.285","636.285","636.285"
"10581.046801125","618.565","618.565","618.565"
"10591.046205695","633.597","633.597","633.597"
"10601.070402487","626.637","626.637","626.637"
"10611.046280035","641.187","641.187","641.187"
"10621.060577469","633.535","633.535","633.535"
"10631.061383369","671.353","671.353","671.353"
"10641.046130311","145.017","145.017","145.017"
"10651.046053736","141.261","141.261","141.261"
"10661.091322446","619.151","619.151","619.151"
"10671.062122298","636.434","636.434","636.434"
"10681.046501203","628.483","628.483","628.483"
"10691.062468674","628.551","628.551","628.551"
"10701.087762665","630.102","630.102","630.102"
"10711.046309238","629.549","629.549","629.549"
"10721.046591451","633.55","633.55","633.55"
"10731.093119826","635.509","635.509","635.509"
"10741.047163047","633.823","633.823","633.823"
"10751.046777444","627.855","627.855","627.855"
"10761.04652189","624.905","624.905","624.905"
"10771.064415273","670.51","670.51","670.51"
"10781.046335044","145.762","145.762","145.762"
"10791.04705643","141.534","141.534","141.534"
"10801.04689307","138.009","138.009","138.009"
"10811.072475517","604.819","604.819","604.819"
"10821.046909298","617.506","617.506","617.506"
"10831.064154246","615.144","615.144","615.144"
"10841.046119131","626.836","626.836","626.836"
"10851.051511512","631.359","631.359","631.359"
"10861.062945795","626.909","626.909","626.909"
"10871.111782568","634.69","634.69","634.69"
"10881.046703336","629.403","629.403","629.403"
"10891.081249879","645.199","645.199","645.199"
"10901.046225268","636.681","636.681","636.681"
"10911.046533233","626.512","626.512","626.512"
"10921.046769261","675.957","675.957","675.957"
"10931.047003338","145.738","145.738","145.738"
"10941.045995126","140.747","140.747","140.747"
"10951.04688809","618.674","618.674","618.674"
"10961.047077173","606.824","606.824","606.824"
"10971.047041518","623.324","623.324","623.324"
"10981.046770501","616.094","616.094","616.094"
"10991.046206966","622.373","622.373","622.373"
"11001.046577172","625.876","625.876","625.876"
"11011.046232393","630.85","630.85","630.85"
"11021.046334084","622.064","622.064","622.064"
"11031.046693474","627.407","627.407","627.407"
"11041.046157876","625.074","625.074","625.074"
"11051.046621843","627.459","627.459","627.459"
"11061.04736751","373.427","373.427","373.427"
"11071.046732616","144.915","144.915","144.915"
"11081.04648803","140.515","140.515","140.515"
"11091.058024394","329.47","329.47","329.47"
"11101.046258605","625.205","625.205","625.205"
"11111.046959248","620.682","620.682","620.682"
"11121.046112254","622.338","622.338","622.338"
"11131.047057827","626.874","626.874","626.874"
"11141.046626999","630.769","630.769","630.769"
"11151.046902228","622.699","622.699","622.699"
"11161.046746444","632.285","632.285","632.285"
"11171.045931738","627.254","627.254","627.254"
"11181.046579548","637.705","637.705","637.705"
"11191.046473779","636.303","636.303","636.303"
"11201.046861393","636.636","636.636","636.636"
"11211.046597736","146.883","146.883","146.883"
"11221.046730371","142.516","142.516","142.516"
"11231.045951378","139.239","139.239","139.239"
"11241.045988907","652.231","652.231","652.231"
"11251.045345985","136.427","136.427","136.427"
"11261.0459304","132.28","132.28","132.28"
"11271.046489569","133.419","133.419","133.419"