filename,permeability,prediction
aN_447_rp_01700_seed_500_crop.jpeg,8.880694e-05,8.201633e-05
aN_447_rp_01700_seed_501_crop.jpeg,8.540334e-05,8.843630e-05
aN_447_rp_01700_seed_502_crop.jpeg,8.552936e-05,7.397160e-05
aN_447_rp_01700_seed_503_crop.jpeg,9.275343e-05,8.450641e-05
aN_447_rp_01700_seed_504_crop.jpeg,8.908683e-05,8.503570e-05
aN_447_rp_01875_seed_500_crop.jpeg,6.200059e-05,5.393190e-05
aN_447_rp_01875_seed_501_crop.jpeg,5.928562e-05,5.631080e-05
aN_447_rp_01875_seed_502_crop.jpeg,5.917677e-05,5.894584e-05
aN_447_rp_01875_seed_503_crop.jpeg,6.007520e-05,5.691479e-05
aN_447_rp_01875_seed_504_crop.jpeg,5.834799e-05,5.775805e-05
aN_447_rp_02050_seed_500_crop.jpeg,3.925923e-05,3.134111e-05
aN_447_rp_02050_seed_501_crop.jpeg,3.771082e-05,3.470303e-05
aN_447_rp_02050_seed_502_crop.jpeg,3.931968e-05,3.757112e-05
aN_447_rp_02050_seed_503_crop.jpeg,3.908683e-05,3.968142e-05
aN_447_rp_02050_seed_504_crop.jpeg,3.684498e-05,3.950366e-05
aN_447_rp_02225_seed_500_crop.jpeg,2.466810e-05,2.101444e-05
aN_447_rp_02225_seed_501_crop.jpeg,2.448972e-05,2.068363e-05
aN_447_rp_02225_seed_502_crop.jpeg,2.477180e-05,2.466361e-05
aN_447_rp_02225_seed_503_crop.jpeg,2.454034e-05,2.200344e-05
aN_447_rp_02225_seed_504_crop.jpeg,2.302073e-05,2.461621e-05
aN_447_rp_02400_seed_500_crop.jpeg,1.272896e-05,1.269708e-05
aN_447_rp_02400_seed_501_crop.jpeg,1.272600e-05,1.266358e-05
aN_447_rp_02400_seed_502_crop.jpeg,1.354999e-05,1.589639e-05
aN_447_rp_02400_seed_503_crop.jpeg,1.500117e-05,1.408854e-05
aN_447_rp_02400_seed_504_crop.jpeg,1.420479e-05,1.593747e-05
aN_448_rp_01700_seed_500_crop.jpeg,8.809250e-05,8.184685e-05
aN_448_rp_01700_seed_501_crop.jpeg,8.519118e-05,8.789306e-05
aN_448_rp_01700_seed_502_crop.jpeg,8.525292e-05,7.391046e-05
aN_448_rp_01700_seed_503_crop.jpeg,9.107072e-05,8.279315e-05
aN_448_rp_01700_seed_504_crop.jpeg,8.867431e-05,8.316414e-05
aN_448_rp_01875_seed_500_crop.jpeg,6.156014e-05,5.369951e-05
aN_448_rp_01875_seed_501_crop.jpeg,5.847071e-05,5.506699e-05
aN_448_rp_01875_seed_502_crop.jpeg,5.894840e-05,5.763337e-05
aN_448_rp_01875_seed_503_crop.jpeg,5.992401e-05,5.754907e-05
aN_448_rp_01875_seed_504_crop.jpeg,5.791001e-05,5.774192e-05
aN_448_rp_02050_seed_500_crop.jpeg,3.919320e-05,3.147714e-05
aN_448_rp_02050_seed_501_crop.jpeg,3.753504e-05,3.428820e-05
aN_448_rp_02050_seed_502_crop.jpeg,3.929023e-05,3.662024e-05
aN_448_rp_02050_seed_503_crop.jpeg,3.898199e-05,3.965290e-05
aN_448_rp_02050_seed_504_crop.jpeg,3.680373e-05,3.951248e-05
aN_448_rp_02225_seed_500_crop.jpeg,2.440001e-05,2.100899e-05
aN_448_rp_02225_seed_501_crop.jpeg,2.427826e-05,2.097969e-05
aN_448_rp_02225_seed_502_crop.jpeg,2.474080e-05,2.419402e-05
aN_448_rp_02225_seed_503_crop.jpeg,2.444322e-05,2.204278e-05
aN_448_rp_02225_seed_504_crop.jpeg,2.292123e-05,2.435779e-05
aN_448_rp_02400_seed_500_crop.jpeg,1.268150e-05,1.269510e-05
aN_448_rp_02400_seed_501_crop.jpeg,1.230181e-05,1.239380e-05
aN_448_rp_02400_seed_502_crop.jpeg,1.338161e-05,1.601578e-05
aN_448_rp_02400_seed_503_crop.jpeg,1.494862e-05,1.372808e-05
aN_448_rp_02400_seed_504_crop.jpeg,1.410350e-05,1.561937e-05
aN_449_rp_01700_seed_500_crop.jpeg,8.785641e-05,8.220090e-05
aN_449_rp_01700_seed_501_crop.jpeg,8.474276e-05,8.811823e-05
aN_449_rp_01700_seed_502_crop.jpeg,8.453390e-05,7.423074e-05
aN_449_rp_01700_seed_503_crop.jpeg,9.074274e-05,8.163762e-05
aN_449_rp_01700_seed_504_crop.jpeg,8.819388e-05,8.339374e-05
aN_449_rp_01875_seed_500_crop.jpeg,6.142959e-05,5.324404e-05
aN_449_rp_01875_seed_501_crop.jpeg,5.828289e-05,5.498329e-05
aN_449_rp_01875_seed_502_crop.jpeg,5.854613e-05,5.721765e-05
aN_449_rp_01875_seed_503_crop.jpeg,5.980203e-05,5.757404e-05
aN_449_rp_01875_seed_504_crop.jpeg,5.787500e-05,5.711101e-05
aN_449_rp_02050_seed_500_crop.jpeg,3.912192e-05,3.156651e-05
aN_449_rp_02050_seed_501_crop.jpeg,3.747925e-05,3.431509e-05
aN_449_rp_02050_seed_502_crop.jpeg,3.923834e-05,3.659273e-05
aN_449_rp_02050_seed_503_crop.jpeg,3.895947e-05,3.976852e-05
aN_449_rp_02050_seed_504_crop.jpeg,3.624390e-05,3.946111e-05
aN_449_rp_02225_seed_500_crop.jpeg,2.403525e-05,2.051916e-05
aN_449_rp_02225_seed_501_crop.jpeg,2.416176e-05,2.049661e-05
aN_449_rp_02225_seed_502_crop.jpeg,2.451882e-05,2.344862e-05
aN_449_rp_02225_seed_503_crop.jpeg,2.432951e-05,2.224848e-05
aN_449_rp_02225_seed_504_crop.jpeg,2.275525e-05,2.430830e-05
aN_449_rp_02400_seed_500_crop.jpeg,1.244188e-05,1.249716e-05
aN_449_rp_02400_seed_501_crop.jpeg,1.224231e-05,1.219251e-05
aN_449_rp_02400_seed_502_crop.jpeg,1.326287e-05,1.547019e-05
aN_449_rp_02400_seed_503_crop.jpeg,1.494436e-05,1.375634e-05
aN_449_rp_02400_seed_504_crop.jpeg,1.402848e-05,1.554481e-05
aN_450_rp_01700_seed_500_crop.jpeg,8.461210e-05,8.133291e-05
aN_450_rp_01700_seed_501_crop.jpeg,8.421522e-05,8.748104e-05
aN_450_rp_01700_seed_502_crop.jpeg,8.397760e-05,7.460034e-05
aN_450_rp_01700_seed_503_crop.jpeg,9.022045e-05,8.083778e-05
aN_450_rp_01700_seed_504_crop.jpeg,8.780371e-05,8.376215e-05
aN_450_rp_01875_seed_500_crop.jpeg,6.125145e-05,5.310321e-05
aN_450_rp_01875_seed_501_crop.jpeg,5.798297e-05,5.479568e-05
aN_450_rp_01875_seed_502_crop.jpeg,5.823267e-05,5.701518e-05
aN_450_rp_01875_seed_503_crop.jpeg,5.955540e-05,5.670793e-05
aN_450_rp_01875_seed_504_crop.jpeg,5.705111e-05,5.688125e-05
aN_450_rp_02050_seed_500_crop.jpeg,3.884885e-05,3.165919e-05
aN_450_rp_02050_seed_501_crop.jpeg,3.719585e-05,3.340956e-05
aN_450_rp_02050_seed_502_crop.jpeg,3.899401e-05,3.587761e-05
aN_450_rp_02050_seed_503_crop.jpeg,3.884498e-05,3.942139e-05
aN_450_rp_02050_seed_504_crop.jpeg,3.597553e-05,3.925872e-05
aN_450_rp_02225_seed_500_crop.jpeg,2.369725e-05,2.019421e-05
aN_450_rp_02225_seed_501_crop.jpeg,2.413643e-05,2.051907e-05
aN_450_rp_02225_seed_502_crop.jpeg,2.447014e-05,2.361809e-05
aN_450_rp_02225_seed_503_crop.jpeg,2.385890e-05,2.219889e-05
aN_450_rp_02225_seed_504_crop.jpeg,2.262444e-05,2.428628e-05
aN_450_rp_02400_seed_500_crop.jpeg,1.242000e-05,1.247674e-05
aN_450_rp_02400_seed_501_crop.jpeg,1.216171e-05,1.202049e-05
aN_450_rp_02400_seed_502_crop.jpeg,1.318518e-05,1.549895e-05
aN_450_rp_02400_seed_503_crop.jpeg,1.482415e-05,1.368970e-05
aN_450_rp_02400_seed_504_crop.jpeg,1.388727e-05,1.521781e-05
aN_451_rp_01700_seed_500_crop.jpeg,8.438836e-05,8.074054e-05
aN_451_rp_01700_seed_501_crop.jpeg,8.387751e-05,8.604587e-05
aN_451_rp_01700_seed_502_crop.jpeg,8.307676e-05,7.236866e-05
aN_451_rp_01700_seed_503_crop.jpeg,8.986489e-05,8.054735e-05
aN_451_rp_01700_seed_504_crop.jpeg,8.695226e-05,8.380337e-05
aN_451_rp_01875_seed_500_crop.jpeg,6.098781e-05,5.341594e-05
aN_451_rp_01875_seed_501_crop.jpeg,5.726474e-05,5.408715e-05
aN_451_rp_01875_seed_502_crop.jpeg,5.811034e-05,5.662633e-05
aN_451_rp_01875_seed_503_crop.jpeg,5.938081e-05,5.627961e-05
aN_451_rp_01875_seed_504_crop.jpeg,5.616852e-05,5.682617e-05
aN_451_rp_02050_seed_500_crop.jpeg,3.863768e-05,3.131987e-05
aN_451_rp_02050_seed_501_crop.jpeg,3.644258e-05,3.346700e-05
aN_451_rp_02050_seed_502_crop.jpeg,3.896579e-05,3.549284e-05
aN_451_rp_02050_seed_503_crop.jpeg,3.879849e-05,3.870724e-05
aN_451_rp_02050_seed_504_crop.jpeg,3.573266e-05,3.917408e-05
aN_451_rp_02225_seed_500_crop.jpeg,2.333688e-05,2.005506e-05
aN_451_rp_02225_seed_501_crop.jpeg,2.412673e-05,2.056236e-05
aN_451_rp_02225_seed_502_crop.jpeg,2.444730e-05,2.381034e-05
aN_451_rp_02225_seed_503_crop.jpeg,2.367681e-05,2.204437e-05
aN_451_rp_02225_seed_504_crop.jpeg,2.181097e-05,2.413714e-05
aN_451_rp_02400_seed_500_crop.jpeg,1.229674e-05,1.202750e-05
aN_451_rp_02400_seed_501_crop.jpeg,1.215461e-05,1.200495e-05
aN_451_rp_02400_seed_502_crop.jpeg,1.311131e-05,1.543661e-05
aN_451_rp_02400_seed_503_crop.jpeg,1.454990e-05,1.380713e-05
aN_451_rp_02400_seed_504_crop.jpeg,1.377296e-05,1.493006e-05
aN_452_rp_01700_seed_500_crop.jpeg,8.360976e-05,8.136643e-05
aN_452_rp_01700_seed_501_crop.jpeg,8.373178e-05,8.625653e-05
aN_452_rp_01700_seed_502_crop.jpeg,8.283783e-05,7.230251e-05
aN_452_rp_01700_seed_503_crop.jpeg,8.980104e-05,8.028033e-05
aN_452_rp_01700_seed_504_crop.jpeg,8.675071e-05,8.332339e-05
aN_452_rp_01875_seed_500_crop.jpeg,6.096335e-05,5.343999e-05
aN_452_rp_01875_seed_501_crop.jpeg,5.705680e-05,5.343153e-05
aN_452_rp_01875_seed_502_crop.jpeg,5.779695e-05,5.619225e-05
aN_452_rp_01875_seed_503_crop.jpeg,5.932502e-05,5.587845e-05
aN_452_rp_01875_seed_504_crop.jpeg,5.604920e-05,5.683777e-05
aN_452_rp_02050_seed_500_crop.jpeg,3.828047e-05,3.142306e-05
aN_452_rp_02050_seed_501_crop.jpeg,3.609984e-05,3.276187e-05
aN_452_rp_02050_seed_502_crop.jpeg,3.870131e-05,3.484251e-05
aN_452_rp_02050_seed_503_crop.jpeg,3.811169e-05,3.853604e-05
aN_452_rp_02050_seed_504_crop.jpeg,3.554509e-05,3.904909e-05
aN_452_rp_02225_seed_500_crop.jpeg,2.263241e-05,1.954402e-05
aN_452_rp_02225_seed_501_crop.jpeg,2.396832e-05,2.064193e-05
aN_452_rp_02225_seed_502_crop.jpeg,2.429073e-05,2.329198e-05
aN_452_rp_02225_seed_503_crop.jpeg,2.366111e-05,2.197234e-05
aN_452_rp_02225_seed_504_crop.jpeg,2.161320e-05,2.357333e-05
aN_452_rp_02400_seed_500_crop.jpeg,1.220362e-05,1.194660e-05
aN_452_rp_02400_seed_501_crop.jpeg,1.211810e-05,1.196914e-05
aN_452_rp_02400_seed_502_crop.jpeg,1.280849e-05,1.495102e-05
aN_452_rp_02400_seed_503_crop.jpeg,1.441753e-05,1.390063e-05
aN_452_rp_02400_seed_504_crop.jpeg,1.373865e-05,1.461173e-05
aN_453_rp_01700_seed_500_crop.jpeg,8.343958e-05,8.114132e-05
aN_453_rp_01700_seed_501_crop.jpeg,8.322655e-05,8.613635e-05
aN_453_rp_01700_seed_502_crop.jpeg,8.255206e-05,7.235535e-05
aN_453_rp_01700_seed_503_crop.jpeg,8.919995e-05,8.071822e-05
aN_453_rp_01700_seed_504_crop.jpeg,8.657626e-05,8.357997e-05
aN_453_rp_01875_seed_500_crop.jpeg,6.061550e-05,5.374609e-05
aN_453_rp_01875_seed_501_crop.jpeg,5.690277e-05,5.380065e-05
aN_453_rp_01875_seed_502_crop.jpeg,5.744823e-05,5.657866e-05
aN_453_rp_01875_seed_503_crop.jpeg,5.863379e-05,5.527224e-05
aN_453_rp_01875_seed_504_crop.jpeg,5.572164e-05,5.600057e-05
aN_453_rp_02050_seed_500_crop.jpeg,3.817012e-05,3.108832e-05
aN_453_rp_02050_seed_501_crop.jpeg,3.600209e-05,3.280827e-05
aN_453_rp_02050_seed_502_crop.jpeg,3.828789e-05,3.438428e-05
aN_453_rp_02050_seed_503_crop.jpeg,3.754478e-05,3.863724e-05
aN_453_rp_02050_seed_504_crop.jpeg,3.487638e-05,3.878084e-05
aN_453_rp_02225_seed_500_crop.jpeg,2.219350e-05,1.928301e-05
aN_453_rp_02225_seed_501_crop.jpeg,2.391263e-05,2.020305e-05
aN_453_rp_02225_seed_502_crop.jpeg,2.277550e-05,2.316105e-05
aN_453_rp_02225_seed_503_crop.jpeg,2.329626e-05,2.216512e-05
aN_453_rp_02225_seed_504_crop.jpeg,2.158103e-05,2.330896e-05
aN_453_rp_02400_seed_500_crop.jpeg,1.216639e-05,1.196097e-05
aN_453_rp_02400_seed_501_crop.jpeg,1.188396e-05,1.193663e-05
aN_453_rp_02400_seed_502_crop.jpeg,1.257086e-05,1.482340e-05
aN_453_rp_02400_seed_503_crop.jpeg,1.437444e-05,1.388566e-05
aN_453_rp_02400_seed_504_crop.jpeg,1.362408e-05,1.442668e-05
aN_454_rp_01700_seed_500_crop.jpeg,8.133634e-05,8.154829e-05
aN_454_rp_01700_seed_501_crop.jpeg,8.292272e-05,8.463828e-05
aN_454_rp_01700_seed_502_crop.jpeg,8.182282e-05,7.131889e-05
aN_454_rp_01700_seed_503_crop.jpeg,8.720953e-05,8.107031e-05
aN_454_rp_01700_seed_504_crop.jpeg,8.589190e-05,8.328255e-05
aN_454_rp_01875_seed_500_crop.jpeg,6.043813e-05,5.355917e-05
aN_454_rp_01875_seed_501_crop.jpeg,5.650467e-05,5.328747e-05
aN_454_rp_01875_seed_502_crop.jpeg,5.696584e-05,5.618427e-05
aN_454_rp_01875_seed_503_crop.jpeg,5.831358e-05,5.532244e-05
aN_454_rp_01875_seed_504_crop.jpeg,5.560149e-05,5.591006e-05
aN_454_rp_02050_seed_500_crop.jpeg,3.814531e-05,3.138886e-05
aN_454_rp_02050_seed_501_crop.jpeg,3.583585e-05,3.266780e-05
aN_454_rp_02050_seed_502_crop.jpeg,3.797174e-05,3.444940e-05
aN_454_rp_02050_seed_503_crop.jpeg,3.736276e-05,3.747375e-05
aN_454_rp_02050_seed_504_crop.jpeg,3.476288e-05,3.854780e-05
aN_454_rp_02225_seed_500_crop.jpeg,2.203610e-05,1.892661e-05
aN_454_rp_02225_seed_501_crop.jpeg,2.382191e-05,2.024654e-05
aN_454_rp_02225_seed_502_crop.jpeg,2.276165e-05,2.305648e-05
aN_454_rp_02225_seed_503_crop.jpeg,2.322987e-05,2.203723e-05
aN_454_rp_02225_seed_504_crop.jpeg,2.135700e-05,2.286458e-05
aN_454_rp_02400_seed_500_crop.jpeg,1.211746e-05,1.198269e-05
aN_454_rp_02400_seed_501_crop.jpeg,1.170039e-05,1.175758e-05
aN_454_rp_02400_seed_502_crop.jpeg,1.244111e-05,1.485656e-05
aN_454_rp_02400_seed_503_crop.jpeg,1.435820e-05,1.379808e-05
aN_454_rp_02400_seed_504_crop.jpeg,1.355301e-05,1.411079e-05
aN_455_rp_01700_seed_500_crop.jpeg,8.120700e-05,8.193127e-05
aN_455_rp_01700_seed_501_crop.jpeg,8.201762e-05,8.359990e-05
aN_455_rp_01700_seed_502_crop.jpeg,8.143115e-05,7.145280e-05
aN_455_rp_01700_seed_503_crop.jpeg,8.677719e-05,8.020847e-05
aN_455_rp_01700_seed_504_crop.jpeg,8.572951e-05,8.212034e-05
aN_455_rp_01875_seed_500_crop.jpeg,6.015938e-05,5.349598e-05
aN_455_rp_01875_seed_501_crop.jpeg,5.631600e-05,5.274949e-05
aN_455_rp_01875_seed_502_crop.jpeg,5.602367e-05,5.545566e-05
aN_455_rp_01875_seed_503_crop.jpeg,5.816409e-05,5.554246e-05
aN_455_rp_01875_seed_504_crop.jpeg,5.526309e-05,5.647667e-05
aN_455_rp_02050_seed_500_crop.jpeg,3.811778e-05,3.128927e-05
aN_455_rp_02050_seed_501_crop.jpeg,3.574024e-05,3.275490e-05
aN_455_rp_02050_seed_502_crop.jpeg,3.796029e-05,3.432641e-05
aN_455_rp_02050_seed_503_crop.jpeg,3.733540e-05,3.722999e-05
aN_455_rp_02050_seed_504_crop.jpeg,3.452250e-05,3.826490e-05
aN_455_rp_02225_seed_500_crop.jpeg,2.196668e-05,1.898623e-05
aN_455_rp_02225_seed_501_crop.jpeg,2.367893e-05,2.002740e-05
aN_455_rp_02225_seed_502_crop.jpeg,2.213757e-05,2.206486e-05
aN_455_rp_02225_seed_503_crop.jpeg,2.311507e-05,2.191663e-05
aN_455_rp_02225_seed_504_crop.jpeg,2.132817e-05,2.232289e-05
aN_455_rp_02400_seed_500_crop.jpeg,1.204034e-05,1.177769e-05
aN_455_rp_02400_seed_501_crop.jpeg,1.164431e-05,1.167294e-05
aN_455_rp_02400_seed_502_crop.jpeg,1.217602e-05,1.434373e-05
aN_455_rp_02400_seed_503_crop.jpeg,1.418823e-05,1.350530e-05
aN_455_rp_02400_seed_504_crop.jpeg,1.350715e-05,1.389413e-05
aN_456_rp_01700_seed_500_crop.jpeg,8.032115e-05,8.004394e-05
aN_456_rp_01700_seed_501_crop.jpeg,8.163548e-05,8.296348e-05
aN_456_rp_01700_seed_502_crop.jpeg,8.067008e-05,7.215908e-05
aN_456_rp_01700_seed_503_crop.jpeg,8.664480e-05,7.952563e-05
aN_456_rp_01700_seed_504_crop.jpeg,8.567193e-05,8.216484e-05
aN_456_rp_01875_seed_500_crop.jpeg,6.008907e-05,5.381312e-05
aN_456_rp_01875_seed_501_crop.jpeg,5.625174e-05,5.265997e-05
aN_456_rp_01875_seed_502_crop.jpeg,5.509167e-05,5.452082e-05
aN_456_rp_01875_seed_503_crop.jpeg,5.801427e-05,5.489585e-05
aN_456_rp_01875_seed_504_crop.jpeg,5.506001e-05,5.669306e-05
aN_456_rp_02050_seed_500_crop.jpeg,3.770362e-05,3.013442e-05
aN_456_rp_02050_seed_501_crop.jpeg,3.513080e-05,3.240190e-05
aN_456_rp_02050_seed_502_crop.jpeg,3.760720e-05,3.425584e-05
aN_456_rp_02050_seed_503_crop.jpeg,3.713934e-05,3.664120e-05
aN_456_rp_02050_seed_504_crop.jpeg,3.432187e-05,3.825395e-05
aN_456_rp_02225_seed_500_crop.jpeg,2.181553e-05,1.897810e-05
aN_456_rp_02225_seed_501_crop.jpeg,2.360381e-05,1.969413e-05
aN_456_rp_02225_seed_502_crop.jpeg,2.207630e-05,2.208126e-05
aN_456_rp_02225_seed_503_crop.jpeg,2.304901e-05,2.199213e-05
aN_456_rp_02225_seed_504_crop.jpeg,2.126697e-05,2.232361e-05
aN_456_rp_02400_seed_500_crop.jpeg,1.203592e-05,1.176013e-05
aN_456_rp_02400_seed_501_crop.jpeg,1.159346e-05,1.164796e-05
aN_456_rp_02400_seed_502_crop.jpeg,1.215745e-05,1.443524e-05
aN_456_rp_02400_seed_503_crop.jpeg,1.407007e-05,1.322282e-05
aN_456_rp_02400_seed_504_crop.jpeg,1.349187e-05,1.388336e-05
aN_457_rp_01700_seed_500_crop.jpeg,8.008011e-05,8.001707e-05
aN_457_rp_01700_seed_501_crop.jpeg,8.067764e-05,8.263421e-05
aN_457_rp_01700_seed_502_crop.jpeg,8.003631e-05,7.265434e-05
aN_457_rp_01700_seed_503_crop.jpeg,8.604836e-05,8.039333e-05
aN_457_rp_01700_seed_504_crop.jpeg,8.558681e-05,8.273048e-05
aN_457_rp_01875_seed_500_crop.jpeg,5.987233e-05,5.387150e-05
aN_457_rp_01875_seed_501_crop.jpeg,5.623178e-05,5.261875e-05
aN_457_rp_01875_seed_502_crop.jpeg,5.445230e-05,5.432111e-05
aN_457_rp_01875_seed_503_crop.jpeg,5.778283e-05,5.489333e-05
aN_457_rp_01875_seed_504_crop.jpeg,5.486213e-05,5.656912e-05
aN_457_rp_02050_seed_500_crop.jpeg,3.753274e-05,3.009499e-05
aN_457_rp_02050_seed_501_crop.jpeg,3.459759e-05,3.178655e-05
aN_457_rp_02050_seed_502_crop.jpeg,3.746616e-05,3.430122e-05
aN_457_rp_02050_seed_503_crop.jpeg,3.675553e-05,3.601188e-05
aN_457_rp_02050_seed_504_crop.jpeg,3.428483e-05,3.823743e-05
aN_457_rp_02225_seed_500_crop.jpeg,2.170839e-05,1.925523e-05
aN_457_rp_02225_seed_501_crop.jpeg,2.335207e-05,1.936122e-05
aN_457_rp_02225_seed_502_crop.jpeg,2.203438e-05,2.212434e-05
aN_457_rp_02225_seed_503_crop.jpeg,2.264466e-05,2.195755e-05
aN_457_rp_02225_seed_504_crop.jpeg,2.096030e-05,2.230014e-05
aN_457_rp_02400_seed_500_crop.jpeg,1.202846e-05,1.149100e-05
aN_457_rp_02400_seed_501_crop.jpeg,1.154690e-05,1.133570e-05
aN_457_rp_02400_seed_502_crop.jpeg,1.197673e-05,1.444710e-05
aN_457_rp_02400_seed_503_crop.jpeg,1.378288e-05,1.301922e-05
aN_457_rp_02400_seed_504_crop.jpeg,1.337143e-05,1.391266e-05
aN_458_rp_01700_seed_500_crop.jpeg,8.003313e-05,8.010458e-05
aN_458_rp_01700_seed_501_crop.jpeg,8.060554e-05,8.240945e-05
aN_458_rp_01700_seed_502_crop.jpeg,7.985183e-05,7.281644e-05
aN_458_rp_01700_seed_503_crop.jpeg,8.528441e-05,8.024343e-05
aN_458_rp_01700_seed_504_crop.jpeg,8.500564e-05,8.294189e-05
aN_458_rp_01875_seed_500_crop.jpeg,5.960820e-05,5.339730e-05
aN_458_rp_01875_seed_501_crop.jpeg,5.607733e-05,5.406276e-05
aN_458_rp_01875_seed_502_crop.jpeg,5.407580e-05,5.366317e-05
aN_458_rp_01875_seed_503_crop.jpeg,5.693997e-05,5.458570e-05
aN_458_rp_01875_seed_504_crop.jpeg,5.425631e-05,5.544461e-05
aN_458_rp_02050_seed_500_crop.jpeg,3.719522e-05,3.003483e-05
aN_458_rp_02050_seed_501_crop.jpeg,3.445057e-05,3.181081e-05
aN_458_rp_02050_seed_502_crop.jpeg,3.648190e-05,3.412288e-05
aN_458_rp_02050_seed_503_crop.jpeg,3.647113e-05,3.578107e-05
aN_458_rp_02050_seed_504_crop.jpeg,3.405066e-05,3.824203e-05
aN_458_rp_02225_seed_500_crop.jpeg,2.144331e-05,1.915073e-05
aN_458_rp_02225_seed_501_crop.jpeg,2.319432e-05,1.931629e-05
aN_458_rp_02225_seed_502_crop.jpeg,2.193729e-05,2.186809e-05
aN_458_rp_02225_seed_503_crop.jpeg,2.245822e-05,2.209158e-05
aN_458_rp_02225_seed_504_crop.jpeg,2.083287e-05,2.204042e-05
aN_458_rp_02400_seed_500_crop.jpeg,1.196422e-05,1.130622e-05
aN_458_rp_02400_seed_501_crop.jpeg,1.145983e-05,1.141768e-05
aN_458_rp_02400_seed_502_crop.jpeg,1.183413e-05,1.415195e-05
aN_458_rp_02400_seed_503_crop.jpeg,1.357283e-05,1.287189e-05
aN_458_rp_02400_seed_504_crop.jpeg,1.334258e-05,1.385022e-05
aN_459_rp_01700_seed_500_crop.jpeg,7.997070e-05,7.977996e-05
aN_459_rp_01700_seed_501_crop.jpeg,8.028106e-05,8.019340e-05
aN_459_rp_01700_seed_502_crop.jpeg,7.975530e-05,7.200854e-05
aN_459_rp_01700_seed_503_crop.jpeg,8.497706e-05,7.990018e-05
aN_459_rp_01700_seed_504_crop.jpeg,8.384683e-05,8.100663e-05
aN_459_rp_01875_seed_500_crop.jpeg,5.905436e-05,5.172010e-05
aN_459_rp_01875_seed_501_crop.jpeg,5.590813e-05,5.310721e-05
aN_459_rp_01875_seed_502_crop.jpeg,5.380649e-05,5.381076e-05
aN_459_rp_01875_seed_503_crop.jpeg,5.652836e-05,5.375988e-05
aN_459_rp_01875_seed_504_crop.jpeg,5.386347e-05,5.520791e-05
aN_459_rp_02050_seed_500_crop.jpeg,3.694004e-05,2.990025e-05
aN_459_rp_02050_seed_501_crop.jpeg,3.406772e-05,3.089225e-05
aN_459_rp_02050_seed_502_crop.jpeg,3.631283e-05,3.403253e-05
aN_459_rp_02050_seed_503_crop.jpeg,3.640094e-05,3.560740e-05
aN_459_rp_02050_seed_504_crop.jpeg,3.403008e-05,3.829432e-05
aN_459_rp_02225_seed_500_crop.jpeg,2.141465e-05,1.910706e-05
aN_459_rp_02225_seed_501_crop.jpeg,2.312972e-05,1.931412e-05
aN_459_rp_02225_seed_502_crop.jpeg,2.168483e-05,2.185967e-05
aN_459_rp_02225_seed_503_crop.jpeg,2.244792e-05,2.215709e-05
aN_459_rp_02225_seed_504_crop.jpeg,2.082688e-05,2.206318e-05
aN_459_rp_02400_seed_500_crop.jpeg,1.192979e-05,1.050020e-05
aN_459_rp_02400_seed_501_crop.jpeg,1.143152e-05,1.140556e-05
aN_459_rp_02400_seed_502_crop.jpeg,1.175295e-05,1.412895e-05
aN_459_rp_02400_seed_503_crop.jpeg,1.353236e-05,1.259219e-05
aN_459_rp_02400_seed_504_crop.jpeg,1.327744e-05,1.363707e-05
aN_460_rp_01700_seed_500_crop.jpeg,7.952705e-05,7.927408e-05
aN_460_rp_01700_seed_501_crop.jpeg,7.925576e-05,7.997451e-05
aN_460_rp_01700_seed_502_crop.jpeg,7.922144e-05,7.224399e-05
aN_460_rp_01700_seed_503_crop.jpeg,8.455251e-05,7.979875e-05
aN_460_rp_01700_seed_504_crop.jpeg,8.367101e-05,8.050182e-05
aN_460_rp_01875_seed_500_crop.jpeg,5.767628e-05,5.211878e-05
aN_460_rp_01875_seed_501_crop.jpeg,5.580613e-05,5.293125e-05
aN_460_rp_01875_seed_502_crop.jpeg,5.353850e-05,5.382133e-05
aN_460_rp_01875_seed_503_crop.jpeg,5.644620e-05,5.371970e-05
aN_460_rp_01875_seed_504_crop.jpeg,5.266333e-05,5.459955e-05
aN_460_rp_02050_seed_500_crop.jpeg,3.690800e-05,2.999216e-05
aN_460_rp_02050_seed_501_crop.jpeg,3.397143e-05,3.075296e-05
aN_460_rp_02050_seed_502_crop.jpeg,3.623422e-05,3.404006e-05
aN_460_rp_02050_seed_503_crop.jpeg,3.634394e-05,3.557112e-05
aN_460_rp_02050_seed_504_crop.jpeg,3.383509e-05,3.772638e-05
aN_460_rp_02225_seed_500_crop.jpeg,2.124642e-05,1.885330e-05
aN_460_rp_02225_seed_501_crop.jpeg,2.308180e-05,1.913366e-05
aN_460_rp_02225_seed_502_crop.jpeg,2.149507e-05,2.212740e-05
aN_460_rp_02225_seed_503_crop.jpeg,2.233089e-05,2.198987e-05
aN_460_rp_02225_seed_504_crop.jpeg,2.067330e-05,2.203710e-05
aN_460_rp_02400_seed_500_crop.jpeg,1.181569e-05,1.044578e-05
aN_460_rp_02400_seed_501_crop.jpeg,1.127566e-05,1.125223e-05
aN_460_rp_02400_seed_502_crop.jpeg,1.148205e-05,1.387852e-05
aN_460_rp_02400_seed_503_crop.jpeg,1.343343e-05,1.255742e-05
aN_460_rp_02400_seed_504_crop.jpeg,1.314694e-05,1.359619e-05
aN_461_rp_01700_seed_500_crop.jpeg,7.867999e-05,7.849096e-05
aN_461_rp_01700_seed_501_crop.jpeg,7.907934e-05,7.846941e-05
aN_461_rp_01700_seed_502_crop.jpeg,7.911817e-05,7.219653e-05
aN_461_rp_01700_seed_503_crop.jpeg,8.428446e-05,8.008679e-05
aN_461_rp_01700_seed_504_crop.jpeg,8.355989e-05,8.032512e-05
aN_461_rp_01875_seed_500_crop.jpeg,5.688529e-05,5.201247e-05
aN_461_rp_01875_seed_501_crop.jpeg,5.567653e-05,5.313933e-05
aN_461_rp_01875_seed_502_crop.jpeg,5.320913e-05,5.362092e-05
aN_461_rp_01875_seed_503_crop.jpeg,5.536328e-05,5.368164e-05
aN_461_rp_01875_seed_504_crop.jpeg,5.242311e-05,5.390820e-05
aN_461_rp_02050_seed_500_crop.jpeg,3.612269e-05,2.963324e-05
aN_461_rp_02050_seed_501_crop.jpeg,3.395667e-05,3.041953e-05
aN_461_rp_02050_seed_502_crop.jpeg,3.570983e-05,3.416857e-05
aN_461_rp_02050_seed_503_crop.jpeg,3.625563e-05,3.555040e-05
aN_461_rp_02050_seed_504_crop.jpeg,3.378143e-05,3.792442e-05
aN_461_rp_02225_seed_500_crop.jpeg,2.112462e-05,1.895462e-05
aN_461_rp_02225_seed_501_crop.jpeg,2.223621e-05,1.922917e-05
aN_461_rp_02225_seed_502_crop.jpeg,2.113527e-05,2.203246e-05
aN_461_rp_02225_seed_503_crop.jpeg,2.229241e-05,2.201717e-05
aN_461_rp_02225_seed_504_crop.jpeg,2.050019e-05,2.150220e-05
aN_461_rp_02400_seed_500_crop.jpeg,1.173854e-05,1.017240e-05
aN_461_rp_02400_seed_501_crop.jpeg,1.125910e-05,1.130004e-05
aN_461_rp_02400_seed_502_crop.jpeg,1.144457e-05,1.345458e-05
aN_461_rp_02400_seed_503_crop.jpeg,1.336017e-05,1.258792e-05
aN_461_rp_02400_seed_504_crop.jpeg,1.307187e-05,1.357471e-05
aN_462_rp_01700_seed_500_crop.jpeg,7.762688e-05,7.746414e-05
aN_462_rp_01700_seed_501_crop.jpeg,7.875019e-05,7.833153e-05
aN_462_rp_01700_seed_502_crop.jpeg,7.897114e-05,7.137856e-05
aN_462_rp_01700_seed_503_crop.jpeg,8.417142e-05,7.940490e-05
aN_462_rp_01700_seed_504_crop.jpeg,8.326404e-05,8.048231e-05
aN_462_rp_01875_seed_500_crop.jpeg,5.661709e-05,5.144736e-05
aN_462_rp_01875_seed_501_crop.jpeg,5.540897e-05,5.235651e-05
aN_462_rp_01875_seed_502_crop.jpeg,5.268178e-05,5.271368e-05
aN_462_rp_01875_seed_503_crop.jpeg,5.452547e-05,5.251959e-05
aN_462_rp_01875_seed_504_crop.jpeg,5.236060e-05,5.422200e-05
aN_462_rp_02050_seed_500_crop.jpeg,3.604920e-05,2.963539e-05
aN_462_rp_02050_seed_501_crop.jpeg,3.381771e-05,3.025107e-05
aN_462_rp_02050_seed_502_crop.jpeg,3.539165e-05,3.342448e-05
aN_462_rp_02050_seed_503_crop.jpeg,3.620366e-05,3.550086e-05
aN_462_rp_02050_seed_504_crop.jpeg,3.356478e-05,3.826326e-05
aN_462_rp_02225_seed_500_crop.jpeg,2.106586e-05,1.878645e-05
aN_462_rp_02225_seed_501_crop.jpeg,2.205088e-05,1.876040e-05
aN_462_rp_02225_seed_502_crop.jpeg,2.081107e-05,2.197800e-05
aN_462_rp_02225_seed_503_crop.jpeg,2.195215e-05,2.217225e-05
aN_462_rp_02225_seed_504_crop.jpeg,2.034897e-05,2.151760e-05
aN_462_rp_02400_seed_500_crop.jpeg,1.172487e-05,1.014714e-05
aN_462_rp_02400_seed_501_crop.jpeg,1.121718e-05,1.126609e-05
aN_462_rp_02400_seed_502_crop.jpeg,1.124092e-05,1.354935e-05
aN_462_rp_02400_seed_503_crop.jpeg,1.320895e-05,1.234937e-05
aN_462_rp_02400_seed_504_crop.jpeg,1.295364e-05,1.355687e-05
aN_463_rp_01700_seed_500_crop.jpeg,7.752098e-05,7.739370e-05
aN_463_rp_01700_seed_501_crop.jpeg,7.681364e-05,7.710293e-05
aN_463_rp_01700_seed_502_crop.jpeg,7.856189e-05,7.065100e-05
aN_463_rp_01700_seed_503_crop.jpeg,8.385577e-05,7.851140e-05
aN_463_rp_01700_seed_504_crop.jpeg,8.296554e-05,7.989248e-05
aN_463_rp_01875_seed_500_crop.jpeg,5.642784e-05,5.103590e-05
aN_463_rp_01875_seed_501_crop.jpeg,5.532905e-05,5.248839e-05
aN_463_rp_01875_seed_502_crop.jpeg,5.209532e-05,5.284878e-05
aN_463_rp_01875_seed_503_crop.jpeg,5.433446e-05,5.210526e-05
aN_463_rp_01875_seed_504_crop.jpeg,5.144880e-05,5.400844e-05
aN_463_rp_02050_seed_500_crop.jpeg,3.570059e-05,2.910024e-05
aN_463_rp_02050_seed_501_crop.jpeg,3.370875e-05,3.048789e-05
aN_463_rp_02050_seed_502_crop.jpeg,3.522493e-05,3.346895e-05
aN_463_rp_02050_seed_503_crop.jpeg,3.600946e-05,3.564073e-05
aN_463_rp_02050_seed_504_crop.jpeg,3.287482e-05,3.722087e-05
aN_463_rp_02225_seed_500_crop.jpeg,2.073024e-05,1.898992e-05
aN_463_rp_02225_seed_501_crop.jpeg,2.201369e-05,1.854542e-05
aN_463_rp_02225_seed_502_crop.jpeg,2.074577e-05,2.187639e-05
aN_463_rp_02225_seed_503_crop.jpeg,2.186274e-05,2.192058e-05
aN_463_rp_02225_seed_504_crop.jpeg,1.981988e-05,2.178076e-05
aN_463_rp_02400_seed_500_crop.jpeg,1.153068e-05,9.935041e-06
aN_463_rp_02400_seed_501_crop.jpeg,1.110444e-05,1.097131e-05
aN_463_rp_02400_seed_502_crop.jpeg,1.116139e-05,1.341169e-05
aN_463_rp_02400_seed_503_crop.jpeg,1.320906e-05,1.233417e-05
aN_463_rp_02400_seed_504_crop.jpeg,1.283435e-05,1.339845e-05
aN_464_rp_01700_seed_500_crop.jpeg,7.710890e-05,7.778536e-05
aN_464_rp_01700_seed_501_crop.jpeg,7.596790e-05,7.718054e-05
aN_464_rp_01700_seed_502_crop.jpeg,7.828545e-05,7.065073e-05
aN_464_rp_01700_seed_503_crop.jpeg,8.356360e-05,7.726405e-05
aN_464_rp_01700_seed_504_crop.jpeg,8.264567e-05,7.976619e-05
aN_464_rp_01875_seed_500_crop.jpeg,5.606579e-05,5.064221e-05
aN_464_rp_01875_seed_501_crop.jpeg,5.493909e-05,5.138088e-05
aN_464_rp_01875_seed_502_crop.jpeg,5.190990e-05,5.269222e-05
aN_464_rp_01875_seed_503_crop.jpeg,5.415816e-05,5.210829e-05
aN_464_rp_01875_seed_504_crop.jpeg,4.997609e-05,5.402147e-05
aN_464_rp_02050_seed_500_crop.jpeg,3.516991e-05,2.912878e-05
aN_464_rp_02050_seed_501_crop.jpeg,3.351787e-05,3.040580e-05
aN_464_rp_02050_seed_502_crop.jpeg,3.415997e-05,3.341811e-05
aN_464_rp_02050_seed_503_crop.jpeg,3.587634e-05,3.529467e-05
aN_464_rp_02050_seed_504_crop.jpeg,3.260155e-05,3.738848e-05
aN_464_rp_02225_seed_500_crop.jpeg,2.072691e-05,1.897767e-05
aN_464_rp_02225_seed_501_crop.jpeg,2.178251e-05,1.850085e-05
aN_464_rp_02225_seed_502_crop.jpeg,2.072938e-05,2.206772e-05
aN_464_rp_02225_seed_503_crop.jpeg,2.165671e-05,2.182915e-05
aN_464_rp_02225_seed_504_crop.jpeg,1.977516e-05,2.173681e-05
aN_464_rp_02400_seed_500_crop.jpeg,1.141947e-05,9.787693e-06
aN_464_rp_02400_seed_501_crop.jpeg,1.107186e-05,1.097237e-05
aN_464_rp_02400_seed_502_crop.jpeg,1.106195e-05,1.349884e-05
aN_464_rp_02400_seed_503_crop.jpeg,1.316674e-05,1.226319e-05
aN_464_rp_02400_seed_504_crop.jpeg,1.254665e-05,1.295064e-05
aN_465_rp_01700_seed_500_crop.jpeg,7.702304e-05,7.744154e-05
aN_465_rp_01700_seed_501_crop.jpeg,7.529495e-05,7.684167e-05
aN_465_rp_01700_seed_502_crop.jpeg,7.826739e-05,7.029956e-05
aN_465_rp_01700_seed_503_crop.jpeg,8.324375e-05,7.760804e-05
aN_465_rp_01700_seed_504_crop.jpeg,8.252040e-05,7.992998e-05
aN_465_rp_01875_seed_500_crop.jpeg,5.547623e-05,5.097606e-05
aN_465_rp_01875_seed_501_crop.jpeg,5.459094e-05,5.109750e-05
aN_465_rp_01875_seed_502_crop.jpeg,5.177190e-05,5.165074e-05
aN_465_rp_01875_seed_503_crop.jpeg,5.372709e-05,5.151168e-05
aN_465_rp_01875_seed_504_crop.jpeg,4.992842e-05,5.368585e-05
aN_465_rp_02050_seed_500_crop.jpeg,3.487624e-05,2.925972e-05
aN_465_rp_02050_seed_501_crop.jpeg,3.185500e-05,3.032521e-05
aN_465_rp_02050_seed_502_crop.jpeg,3.411884e-05,3.295424e-05
aN_465_rp_02050_seed_503_crop.jpeg,3.511720e-05,3.456253e-05
aN_465_rp_02050_seed_504_crop.jpeg,3.202114e-05,3.688599e-05
aN_465_rp_02225_seed_500_crop.jpeg,2.072058e-05,1.893596e-05
aN_465_rp_02225_seed_501_crop.jpeg,2.174578e-05,1.841897e-05
aN_465_rp_02225_seed_502_crop.jpeg,2.058093e-05,2.194139e-05
aN_465_rp_02225_seed_503_crop.jpeg,2.163449e-05,2.157684e-05
aN_465_rp_02225_seed_504_crop.jpeg,1.872132e-05,2.150995e-05
aN_465_rp_02400_seed_500_crop.jpeg,1.139120e-05,9.790998e-06
aN_465_rp_02400_seed_501_crop.jpeg,1.105031e-05,1.078998e-05
aN_465_rp_02400_seed_502_crop.jpeg,1.105663e-05,1.349441e-05
aN_465_rp_02400_seed_503_crop.jpeg,1.264641e-05,1.206630e-05
aN_465_rp_02400_seed_504_crop.jpeg,1.252742e-05,1.296942e-05
aN_466_rp_01700_seed_500_crop.jpeg,7.688683e-05,7.793290e-05
aN_466_rp_01700_seed_501_crop.jpeg,7.510660e-05,7.637978e-05
aN_466_rp_01700_seed_502_crop.jpeg,7.799906e-05,6.993692e-05
aN_466_rp_01700_seed_503_crop.jpeg,8.299020e-05,7.788817e-05
aN_466_rp_01700_seed_504_crop.jpeg,8.087660e-05,8.200295e-05
aN_466_rp_01875_seed_500_crop.jpeg,5.482505e-05,5.093175e-05
aN_466_rp_01875_seed_501_crop.jpeg,5.444679e-05,5.130958e-05
aN_466_rp_01875_seed_502_crop.jpeg,5.161018e-05,5.129652e-05
aN_466_rp_01875_seed_503_crop.jpeg,5.305754e-05,5.159654e-05
aN_466_rp_01875_seed_504_crop.jpeg,4.966704e-05,5.352925e-05
aN_466_rp_02050_seed_500_crop.jpeg,3.458298e-05,2.946989e-05
aN_466_rp_02050_seed_501_crop.jpeg,3.157990e-05,2.980173e-05
aN_466_rp_02050_seed_502_crop.jpeg,3.370406e-05,3.235459e-05
aN_466_rp_02050_seed_503_crop.jpeg,3.503640e-05,3.577387e-05
aN_466_rp_02050_seed_504_crop.jpeg,3.200144e-05,3.637367e-05
aN_466_rp_02225_seed_500_crop.jpeg,2.062881e-05,1.858094e-05
aN_466_rp_02225_seed_501_crop.jpeg,2.155500e-05,1.847871e-05
aN_466_rp_02225_seed_502_crop.jpeg,1.974908e-05,2.064256e-05
aN_466_rp_02225_seed_503_crop.jpeg,2.155971e-05,2.153762e-05
aN_466_rp_02225_seed_504_crop.jpeg,1.826577e-05,2.114803e-05
aN_466_rp_02400_seed_500_crop.jpeg,1.139020e-05,9.821617e-06
aN_466_rp_02400_seed_501_crop.jpeg,1.098444e-05,1.082451e-05
aN_466_rp_02400_seed_502_crop.jpeg,1.091633e-05,1.343570e-05
aN_466_rp_02400_seed_503_crop.jpeg,1.233504e-05,1.191455e-05
aN_466_rp_02400_seed_504_crop.jpeg,1.220433e-05,1.267915e-05
aN_467_rp_01700_seed_500_crop.jpeg,7.672087e-05,7.806329e-05
aN_467_rp_01700_seed_501_crop.jpeg,7.478376e-05,7.604087e-05
aN_467_rp_01700_seed_502_crop.jpeg,7.774430e-05,6.973339e-05
aN_467_rp_01700_seed_503_crop.jpeg,8.253098e-05,7.786084e-05
aN_467_rp_01700_seed_504_crop.jpeg,8.014947e-05,8.188456e-05
aN_467_rp_01875_seed_500_crop.jpeg,5.429380e-05,5.091184e-05
aN_467_rp_01875_seed_501_crop.jpeg,5.435327e-05,5.050124e-05
aN_467_rp_01875_seed_502_crop.jpeg,5.136199e-05,5.130302e-05
aN_467_rp_01875_seed_503_crop.jpeg,5.300424e-05,5.124615e-05
aN_467_rp_01875_seed_504_crop.jpeg,4.962152e-05,5.356954e-05
aN_467_rp_02050_seed_500_crop.jpeg,3.451750e-05,2.941293e-05
aN_467_rp_02050_seed_501_crop.jpeg,3.115603e-05,2.967337e-05
aN_467_rp_02050_seed_502_crop.jpeg,3.309159e-05,3.141569e-05
aN_467_rp_02050_seed_503_crop.jpeg,3.500787e-05,3.576702e-05
aN_467_rp_02050_seed_504_crop.jpeg,3.194709e-05,3.640754e-05
aN_467_rp_02225_seed_500_crop.jpeg,2.037369e-05,1.821217e-05
aN_467_rp_02225_seed_501_crop.jpeg,2.147681e-05,1.865460e-05
aN_467_rp_02225_seed_502_crop.jpeg,1.974424e-05,2.073308e-05
aN_467_rp_02225_seed_503_crop.jpeg,2.137341e-05,2.134936e-05
aN_467_rp_02225_seed_504_crop.jpeg,1.825484e-05,2.113273e-05
aN_467_rp_02400_seed_500_crop.jpeg,1.122868e-05,9.557134e-06
aN_467_rp_02400_seed_501_crop.jpeg,1.092971e-05,1.069686e-05
aN_467_rp_02400_seed_502_crop.jpeg,1.083202e-05,1.330561e-05
aN_467_rp_02400_seed_503_crop.jpeg,1.207716e-05,1.173989e-05
aN_467_rp_02400_seed_504_crop.jpeg,1.154276e-05,1.234796e-05
aN_468_rp_01700_seed_500_crop.jpeg,7.653077e-05,7.796992e-05
aN_468_rp_01700_seed_501_crop.jpeg,7.407976e-05,7.604631e-05
aN_468_rp_01700_seed_502_crop.jpeg,7.715480e-05,6.934411e-05
aN_468_rp_01700_seed_503_crop.jpeg,8.237273e-05,7.762617e-05
aN_468_rp_01700_seed_504_crop.jpeg,7.913688e-05,8.194721e-05
aN_468_rp_01875_seed_500_crop.jpeg,5.419852e-05,5.016752e-05
aN_468_rp_01875_seed_501_crop.jpeg,5.413915e-05,5.050206e-05
aN_468_rp_01875_seed_502_crop.jpeg,5.058365e-05,5.099162e-05
aN_468_rp_01875_seed_503_crop.jpeg,5.230009e-05,5.091635e-05
aN_468_rp_01875_seed_504_crop.jpeg,4.926183e-05,5.207987e-05
aN_468_rp_02050_seed_500_crop.jpeg,3.446990e-05,2.931670e-05
aN_468_rp_02050_seed_501_crop.jpeg,3.087987e-05,2.970625e-05
aN_468_rp_02050_seed_502_crop.jpeg,3.288898e-05,3.166042e-05
aN_468_rp_02050_seed_503_crop.jpeg,3.441188e-05,3.549148e-05
aN_468_rp_02050_seed_504_crop.jpeg,3.189266e-05,3.573885e-05
aN_468_rp_02225_seed_500_crop.jpeg,2.029457e-05,1.802766e-05
aN_468_rp_02225_seed_501_crop.jpeg,2.145736e-05,1.861911e-05
aN_468_rp_02225_seed_502_crop.jpeg,1.959929e-05,2.035296e-05
aN_468_rp_02225_seed_503_crop.jpeg,2.135905e-05,2.134425e-05
aN_468_rp_02225_seed_504_crop.jpeg,1.820077e-05,2.110393e-05
aN_468_rp_02400_seed_500_crop.jpeg,1.113280e-05,9.486974e-06
aN_468_rp_02400_seed_501_crop.jpeg,1.078957e-05,1.078087e-05
aN_468_rp_02400_seed_502_crop.jpeg,1.079696e-05,1.305391e-05
aN_468_rp_02400_seed_503_crop.jpeg,1.198849e-05,1.177147e-05
aN_468_rp_02400_seed_504_crop.jpeg,1.134862e-05,1.228418e-05
aN_469_rp_01700_seed_500_crop.jpeg,7.626393e-05,7.799059e-05
aN_469_rp_01700_seed_501_crop.jpeg,7.400362e-05,7.600948e-05
aN_469_rp_01700_seed_502_crop.jpeg,7.617030e-05,6.946908e-05
aN_469_rp_01700_seed_503_crop.jpeg,8.198520e-05,7.752341e-05
aN_469_rp_01700_seed_504_crop.jpeg,7.869190e-05,8.229102e-05
aN_469_rp_01875_seed_500_crop.jpeg,5.361658e-05,5.005655e-05
aN_469_rp_01875_seed_501_crop.jpeg,5.412214e-05,5.014442e-05
aN_469_rp_01875_seed_502_crop.jpeg,5.025866e-05,5.018767e-05
aN_469_rp_01875_seed_503_crop.jpeg,5.222438e-05,5.079690e-05
aN_469_rp_01875_seed_504_crop.jpeg,4.910300e-05,5.161406e-05
aN_469_rp_02050_seed_500_crop.jpeg,3.367188e-05,2.920433e-05
aN_469_rp_02050_seed_501_crop.jpeg,3.069790e-05,2.965750e-05
aN_469_rp_02050_seed_502_crop.jpeg,3.273321e-05,3.194269e-05
aN_469_rp_02050_seed_503_crop.jpeg,3.425629e-05,3.488324e-05
aN_469_rp_02050_seed_504_crop.jpeg,3.172788e-05,3.537535e-05
aN_469_rp_02225_seed_500_crop.jpeg,1.996049e-05,1.813189e-05
aN_469_rp_02225_seed_501_crop.jpeg,2.133128e-05,1.867892e-05
aN_469_rp_02225_seed_502_crop.jpeg,1.852148e-05,2.019582e-05
aN_469_rp_02225_seed_503_crop.jpeg,2.121533e-05,2.128995e-05
aN_469_rp_02225_seed_504_crop.jpeg,1.796653e-05,2.118934e-05
aN_469_rp_02400_seed_500_crop.jpeg,1.101655e-05,9.426432e-06
aN_469_rp_02400_seed_501_crop.jpeg,1.073111e-05,1.064052e-05
aN_469_rp_02400_seed_502_crop.jpeg,1.075522e-05,1.275034e-05
aN_469_rp_02400_seed_503_crop.jpeg,1.174956e-05,1.183455e-05
aN_469_rp_02400_seed_504_crop.jpeg,1.132015e-05,1.201913e-05
aN_470_rp_01700_seed_500_crop.jpeg,7.594167e-05,7.781021e-05
aN_470_rp_01700_seed_501_crop.jpeg,7.335802e-05,7.697025e-05
aN_470_rp_01700_seed_502_crop.jpeg,7.521823e-05,6.921250e-05
aN_470_rp_01700_seed_503_crop.jpeg,8.140066e-05,7.639901e-05
aN_470_rp_01700_seed_504_crop.jpeg,7.664969e-05,7.687231e-05
aN_470_rp_01875_seed_500_crop.jpeg,5.349467e-05,4.945395e-05
aN_470_rp_01875_seed_501_crop.jpeg,5.362179e-05,5.018427e-05
aN_470_rp_01875_seed_502_crop.jpeg,4.975439e-05,4.915175e-05
aN_470_rp_01875_seed_503_crop.jpeg,5.200931e-05,5.082219e-05
aN_470_rp_01875_seed_504_crop.jpeg,4.885845e-05,5.186264e-05
aN_470_rp_02050_seed_500_crop.jpeg,3.363478e-05,2.914434e-05
aN_470_rp_02050_seed_501_crop.jpeg,3.064768e-05,2.899846e-05
aN_470_rp_02050_seed_502_crop.jpeg,3.236303e-05,3.166933e-05
aN_470_rp_02050_seed_503_crop.jpeg,3.402775e-05,3.470197e-05
aN_470_rp_02050_seed_504_crop.jpeg,3.162898e-05,3.500905e-05
aN_470_rp_02225_seed_500_crop.jpeg,1.986486e-05,1.783775e-05
aN_470_rp_02225_seed_501_crop.jpeg,2.073106e-05,1.853895e-05
aN_470_rp_02225_seed_502_crop.jpeg,1.847855e-05,2.009208e-05
aN_470_rp_02225_seed_503_crop.jpeg,2.115079e-05,2.120941e-05
aN_470_rp_02225_seed_504_crop.jpeg,1.772299e-05,2.053590e-05
aN_470_rp_02400_seed_500_crop.jpeg,1.091414e-05,9.480553e-06
aN_470_rp_02400_seed_501_crop.jpeg,1.067688e-05,1.058668e-05
aN_470_rp_02400_seed_502_crop.jpeg,1.074948e-05,1.260541e-05
aN_470_rp_02400_seed_503_crop.jpeg,1.156379e-05,1.159673e-05
aN_470_rp_02400_seed_504_crop.jpeg,1.120023e-05,1.204400e-05
aN_471_rp_01700_seed_500_crop.jpeg,7.536702e-05,7.679391e-05
aN_471_rp_01700_seed_501_crop.jpeg,7.292299e-05,7.646381e-05
aN_471_rp_01700_seed_502_crop.jpeg,7.512429e-05,6.899535e-05
aN_471_rp_01700_seed_503_crop.jpeg,8.085770e-05,7.560477e-05
aN_471_rp_01700_seed_504_crop.jpeg,7.657673e-05,7.645594e-05
aN_471_rp_01875_seed_500_crop.jpeg,5.340479e-05,4.956065e-05
aN_471_rp_01875_seed_501_crop.jpeg,5.339528e-05,5.096450e-05
aN_471_rp_01875_seed_502_crop.jpeg,4.925353e-05,4.934277e-05
aN_471_rp_01875_seed_503_crop.jpeg,5.185169e-05,5.069653e-05
aN_471_rp_01875_seed_504_crop.jpeg,4.877336e-05,5.184083e-05
aN_471_rp_02050_seed_500_crop.jpeg,3.349717e-05,2.887549e-05
aN_471_rp_02050_seed_501_crop.jpeg,3.051034e-05,2.914546e-05
aN_471_rp_02050_seed_502_crop.jpeg,3.221718e-05,3.176855e-05
aN_471_rp_02050_seed_503_crop.jpeg,3.392750e-05,3.498062e-05
aN_471_rp_02050_seed_504_crop.jpeg,3.156339e-05,3.478289e-05
aN_471_rp_02225_seed_500_crop.jpeg,1.954076e-05,1.773486e-05
aN_471_rp_02225_seed_501_crop.jpeg,2.051112e-05,1.814545e-05
aN_471_rp_02225_seed_502_crop.jpeg,1.841538e-05,2.014646e-05
aN_471_rp_02225_seed_503_crop.jpeg,2.104191e-05,2.110473e-05
aN_471_rp_02225_seed_504_crop.jpeg,1.770107e-05,2.056455e-05
aN_471_rp_02400_seed_500_crop.jpeg,1.081210e-05,9.222210e-06
aN_471_rp_02400_seed_501_crop.jpeg,1.063590e-05,1.036742e-05
aN_471_rp_02400_seed_502_crop.jpeg,1.061025e-05,1.171847e-05
aN_471_rp_02400_seed_503_crop.jpeg,1.145124e-05,1.153597e-05
aN_471_rp_02400_seed_504_crop.jpeg,1.102942e-05,1.204601e-05
aN_472_rp_01700_seed_500_crop.jpeg,7.518863e-05,7.651933e-05
aN_472_rp_01700_seed_501_crop.jpeg,7.232690e-05,7.699712e-05
aN_472_rp_01700_seed_502_crop.jpeg,7.399725e-05,6.913979e-05
aN_472_rp_01700_seed_503_crop.jpeg,8.055507e-05,7.515461e-05
aN_472_rp_01700_seed_504_crop.jpeg,7.612914e-05,7.576522e-05
aN_472_rp_01875_seed_500_crop.jpeg,5.334893e-05,4.966289e-05
aN_472_rp_01875_seed_501_crop.jpeg,5.289146e-05,5.019710e-05
aN_472_rp_01875_seed_502_crop.jpeg,4.908561e-05,4.944220e-05
aN_472_rp_01875_seed_503_crop.jpeg,5.147609e-05,5.063535e-05
aN_472_rp_01875_seed_504_crop.jpeg,4.852368e-05,5.134815e-05
aN_472_rp_02050_seed_500_crop.jpeg,3.343333e-05,2.892984e-05
aN_472_rp_02050_seed_501_crop.jpeg,3.038028e-05,2.876944e-05
aN_472_rp_02050_seed_502_crop.jpeg,3.186970e-05,3.096307e-05
aN_472_rp_02050_seed_503_crop.jpeg,3.322025e-05,3.351673e-05
aN_472_rp_02050_seed_504_crop.jpeg,3.145076e-05,3.398933e-05
aN_472_rp_02225_seed_500_crop.jpeg,1.893247e-05,1.777956e-05
aN_472_rp_02225_seed_501_crop.jpeg,2.050221e-05,1.818391e-05
aN_472_rp_02225_seed_502_crop.jpeg,1.820248e-05,1.948010e-05
aN_472_rp_02225_seed_503_crop.jpeg,2.085004e-05,2.042329e-05
aN_472_rp_02225_seed_504_crop.jpeg,1.731496e-05,2.003243e-05
aN_472_rp_02400_seed_500_crop.jpeg,1.079065e-05,9.182962e-06
aN_472_rp_02400_seed_501_crop.jpeg,1.062929e-05,1.032963e-05
aN_472_rp_02400_seed_502_crop.jpeg,1.058546e-05,1.176529e-05
aN_472_rp_02400_seed_503_crop.jpeg,1.144350e-05,1.153992e-05
aN_472_rp_02400_seed_504_crop.jpeg,1.099924e-05,1.172268e-05
aN_473_rp_01700_seed_500_crop.jpeg,7.503104e-05,7.621620e-05
aN_473_rp_01700_seed_501_crop.jpeg,7.223124e-05,7.689782e-05
aN_473_rp_01700_seed_502_crop.jpeg,7.331168e-05,6.940994e-05
aN_473_rp_01700_seed_503_crop.jpeg,8.017538e-05,7.409741e-05
aN_473_rp_01700_seed_504_crop.jpeg,7.599626e-05,7.569481e-05
aN_473_rp_01875_seed_500_crop.jpeg,5.332145e-05,4.970468e-05
aN_473_rp_01875_seed_501_crop.jpeg,5.268102e-05,4.896760e-05
aN_473_rp_01875_seed_502_crop.jpeg,4.903993e-05,4.956036e-05
aN_473_rp_01875_seed_503_crop.jpeg,5.124952e-05,5.071248e-05
aN_473_rp_01875_seed_504_crop.jpeg,4.840851e-05,5.042308e-05
aN_473_rp_02050_seed_500_crop.jpeg,3.327999e-05,2.877532e-05
aN_473_rp_02050_seed_501_crop.jpeg,3.026309e-05,2.879654e-05
aN_473_rp_02050_seed_502_crop.jpeg,3.155652e-05,3.094338e-05
aN_473_rp_02050_seed_503_crop.jpeg,3.117001e-05,3.370768e-05
aN_473_rp_02050_seed_504_crop.jpeg,3.135565e-05,3.403818e-05
aN_473_rp_02225_seed_500_crop.jpeg,1.864774e-05,1.781157e-05
aN_473_rp_02225_seed_501_crop.jpeg,1.958773e-05,1.799527e-05
aN_473_rp_02225_seed_502_crop.jpeg,1.819855e-05,1.945784e-05
aN_473_rp_02225_seed_503_crop.jpeg,2.078076e-05,1.974312e-05
aN_473_rp_02225_seed_504_crop.jpeg,1.726578e-05,1.958163e-05
aN_473_rp_02400_seed_500_crop.jpeg,1.075203e-05,9.188306e-06
aN_473_rp_02400_seed_501_crop.jpeg,1.055339e-05,1.010468e-05
aN_473_rp_02400_seed_502_crop.jpeg,1.052982e-05,1.138662e-05
aN_473_rp_02400_seed_503_crop.jpeg,1.129347e-05,1.151172e-05
aN_473_rp_02400_seed_504_crop.jpeg,1.094455e-05,1.145653e-05
aN_474_rp_01700_seed_500_crop.jpeg,7.459338e-05,7.658795e-05
aN_474_rp_01700_seed_501_crop.jpeg,7.211795e-05,7.648795e-05
aN_474_rp_01700_seed_502_crop.jpeg,7.316654e-05,6.912299e-05
aN_474_rp_01700_seed_503_crop.jpeg,8.006159e-05,7.420115e-05
aN_474_rp_01700_seed_504_crop.jpeg,7.490944e-05,7.572492e-05
aN_474_rp_01875_seed_500_crop.jpeg,5.254804e-05,4.964641e-05
aN_474_rp_01875_seed_501_crop.jpeg,5.195828e-05,4.719783e-05
aN_474_rp_01875_seed_502_crop.jpeg,4.886436e-05,4.950524e-05
aN_474_rp_01875_seed_503_crop.jpeg,5.120549e-05,5.074654e-05
aN_474_rp_01875_seed_504_crop.jpeg,4.800321e-05,5.019164e-05
aN_474_rp_02050_seed_500_crop.jpeg,3.319925e-05,2.883960e-05
aN_474_rp_02050_seed_501_crop.jpeg,3.015904e-05,2.887885e-05
aN_474_rp_02050_seed_502_crop.jpeg,3.137618e-05,3.081978e-05
aN_474_rp_02050_seed_503_crop.jpeg,3.116157e-05,3.376833e-05
aN_474_rp_02050_seed_504_crop.jpeg,3.129475e-05,3.398041e-05
aN_474_rp_02225_seed_500_crop.jpeg,1.853087e-05,1.780777e-05
aN_474_rp_02225_seed_501_crop.jpeg,1.955435e-05,1.817250e-05
aN_474_rp_02225_seed_502_crop.jpeg,1.812495e-05,1.938150e-05
aN_474_rp_02225_seed_503_crop.jpeg,2.069746e-05,1.978662e-05
aN_474_rp_02225_seed_504_crop.jpeg,1.718678e-05,1.943188e-05
aN_474_rp_02400_seed_500_crop.jpeg,1.070741e-05,9.161618e-06
aN_474_rp_02400_seed_501_crop.jpeg,1.048493e-05,1.005817e-05
aN_474_rp_02400_seed_502_crop.jpeg,1.050094e-05,1.136565e-05
aN_474_rp_02400_seed_503_crop.jpeg,1.128714e-05,1.129424e-05
aN_474_rp_02400_seed_504_crop.jpeg,1.093436e-05,1.143734e-05
aN_475_rp_01700_seed_500_crop.jpeg,7.453598e-05,7.681881e-05
aN_475_rp_01700_seed_501_crop.jpeg,7.084972e-05,7.620313e-05
aN_475_rp_01700_seed_502_crop.jpeg,7.257601e-05,6.821462e-05
aN_475_rp_01700_seed_503_crop.jpeg,7.887031e-05,7.320839e-05
aN_475_rp_01700_seed_504_crop.jpeg,7.319161e-05,7.618314e-05
aN_475_rp_01875_seed_500_crop.jpeg,5.208450e-05,4.833244e-05
aN_475_rp_01875_seed_501_crop.jpeg,5.156043e-05,4.717619e-05
aN_475_rp_01875_seed_502_crop.jpeg,4.857373e-05,4.862807e-05
aN_475_rp_01875_seed_503_crop.jpeg,5.038506e-05,5.058164e-05
aN_475_rp_01875_seed_504_crop.jpeg,4.782977e-05,4.993997e-05
aN_475_rp_02050_seed_500_crop.jpeg,3.304164e-05,2.899873e-05
aN_475_rp_02050_seed_501_crop.jpeg,2.988955e-05,2.884252e-05
aN_475_rp_02050_seed_502_crop.jpeg,3.126315e-05,3.065250e-05
aN_475_rp_02050_seed_503_crop.jpeg,3.100631e-05,3.354413e-05
aN_475_rp_02050_seed_504_crop.jpeg,3.121196e-05,3.400603e-05
aN_475_rp_02225_seed_500_crop.jpeg,1.848178e-05,1.776053e-05
aN_475_rp_02225_seed_501_crop.jpeg,1.949432e-05,1.799052e-05
aN_475_rp_02225_seed_502_crop.jpeg,1.796141e-05,1.943099e-05
aN_475_rp_02225_seed_503_crop.jpeg,2.068957e-05,1.975376e-05
aN_475_rp_02225_seed_504_crop.jpeg,1.708248e-05,1.940677e-05
aN_475_rp_02400_seed_500_crop.jpeg,1.069128e-05,9.288196e-06
aN_475_rp_02400_seed_501_crop.jpeg,1.035139e-05,9.775660e-06
aN_475_rp_02400_seed_502_crop.jpeg,1.022140e-05,1.087785e-05
aN_475_rp_02400_seed_503_crop.jpeg,1.122277e-05,1.135084e-05
aN_475_rp_02400_seed_504_crop.jpeg,1.091424e-05,1.142367e-05
aN_476_rp_01700_seed_500_crop.jpeg,7.437508e-05,7.716096e-05
aN_476_rp_01700_seed_501_crop.jpeg,7.034313e-05,7.534478e-05
aN_476_rp_01700_seed_502_crop.jpeg,7.212188e-05,6.834218e-05
aN_476_rp_01700_seed_503_crop.jpeg,7.827099e-05,7.312089e-05
aN_476_rp_01700_seed_504_crop.jpeg,7.165500e-05,7.639443e-05
aN_476_rp_01875_seed_500_crop.jpeg,5.203504e-05,4.845202e-05
aN_476_rp_01875_seed_501_crop.jpeg,5.073050e-05,4.697806e-05
aN_476_rp_01875_seed_502_crop.jpeg,4.828719e-05,4.786169e-05
aN_476_rp_01875_seed_503_crop.jpeg,5.003740e-05,4.980713e-05
aN_476_rp_01875_seed_504_crop.jpeg,4.754222e-05,4.915485e-05
aN_476_rp_02050_seed_500_crop.jpeg,3.288792e-05,2.905382e-05
aN_476_rp_02050_seed_501_crop.jpeg,2.982067e-05,2.844083e-05
aN_476_rp_02050_seed_502_crop.jpeg,3.120328e-05,3.030896e-05
aN_476_rp_02050_seed_503_crop.jpeg,3.062884e-05,3.360766e-05
aN_476_rp_02050_seed_504_crop.jpeg,3.087010e-05,3.418131e-05
aN_476_rp_02225_seed_500_crop.jpeg,1.814215e-05,1.759446e-05
aN_476_rp_02225_seed_501_crop.jpeg,1.934939e-05,1.810048e-05
aN_476_rp_02225_seed_502_crop.jpeg,1.783165e-05,1.931620e-05
aN_476_rp_02225_seed_503_crop.jpeg,2.061335e-05,1.982837e-05
aN_476_rp_02225_seed_504_crop.jpeg,1.706102e-05,1.929173e-05
aN_476_rp_02400_seed_500_crop.jpeg,1.068045e-05,9.217620e-06
aN_476_rp_02400_seed_501_crop.jpeg,1.033755e-05,9.766044e-06
aN_476_rp_02400_seed_502_crop.jpeg,1.002975e-05,1.110794e-05
aN_476_rp_02400_seed_503_crop.jpeg,1.117465e-05,1.133216e-05
aN_476_rp_02400_seed_504_crop.jpeg,1.062618e-05,1.141072e-05
aN_477_rp_01700_seed_500_crop.jpeg,7.287086e-05,7.781177e-05
aN_477_rp_01700_seed_501_crop.jpeg,7.024189e-05,7.515619e-05
aN_477_rp_01700_seed_502_crop.jpeg,7.162334e-05,6.834629e-05
aN_477_rp_01700_seed_503_crop.jpeg,7.800556e-05,7.317251e-05
aN_477_rp_01700_seed_504_crop.jpeg,7.120033e-05,7.465849e-05
aN_477_rp_01875_seed_500_crop.jpeg,5.135550e-05,4.700123e-05
aN_477_rp_01875_seed_501_crop.jpeg,5.068594e-05,4.688130e-05
aN_477_rp_01875_seed_502_crop.jpeg,4.780583e-05,4.744682e-05
aN_477_rp_01875_seed_503_crop.jpeg,5.000264e-05,4.939404e-05
aN_477_rp_01875_seed_504_crop.jpeg,4.749608e-05,4.811138e-05
aN_477_rp_02050_seed_500_crop.jpeg,3.288586e-05,2.897789e-05
aN_477_rp_02050_seed_501_crop.jpeg,2.906778e-05,2.862792e-05
aN_477_rp_02050_seed_502_crop.jpeg,3.083712e-05,3.019040e-05
aN_477_rp_02050_seed_503_crop.jpeg,3.047238e-05,3.385249e-05
aN_477_rp_02050_seed_504_crop.jpeg,3.046378e-05,3.378234e-05
aN_477_rp_02225_seed_500_crop.jpeg,1.785920e-05,1.736999e-05
aN_477_rp_02225_seed_501_crop.jpeg,1.900650e-05,1.767077e-05
aN_477_rp_02225_seed_502_crop.jpeg,1.765098e-05,1.899534e-05
aN_477_rp_02225_seed_503_crop.jpeg,2.053489e-05,1.981739e-05
aN_477_rp_02225_seed_504_crop.jpeg,1.705128e-05,1.926298e-05
aN_477_rp_02400_seed_500_crop.jpeg,1.056554e-05,9.280342e-06
aN_477_rp_02400_seed_501_crop.jpeg,1.032890e-05,9.770655e-06
aN_477_rp_02400_seed_502_crop.jpeg,1.000242e-05,1.105673e-05
aN_477_rp_02400_seed_503_crop.jpeg,1.105671e-05,1.137449e-05
aN_477_rp_02400_seed_504_crop.jpeg,1.043680e-05,1.104348e-05
aN_478_rp_01700_seed_500_crop.jpeg,7.263238e-05,7.727231e-05
aN_478_rp_01700_seed_501_crop.jpeg,7.009622e-05,7.525717e-05
aN_478_rp_01700_seed_502_crop.jpeg,7.133378e-05,6.757631e-05
aN_478_rp_01700_seed_503_crop.jpeg,7.792553e-05,7.287897e-05
aN_478_rp_01700_seed_504_crop.jpeg,7.019400e-05,7.417688e-05
aN_478_rp_01875_seed_500_crop.jpeg,5.114217e-05,4.654243e-05
aN_478_rp_01875_seed_501_crop.jpeg,5.059015e-05,4.687679e-05
aN_478_rp_01875_seed_502_crop.jpeg,4.738035e-05,4.752426e-05
aN_478_rp_01875_seed_503_crop.jpeg,4.971978e-05,4.928078e-05
aN_478_rp_01875_seed_504_crop.jpeg,4.561064e-05,4.707394e-05
aN_478_rp_02050_seed_500_crop.jpeg,3.284486e-05,2.899508e-05
aN_478_rp_02050_seed_501_crop.jpeg,2.899827e-05,2.863428e-05
aN_478_rp_02050_seed_502_crop.jpeg,3.034087e-05,2.957125e-05
aN_478_rp_02050_seed_503_crop.jpeg,3.029587e-05,3.342126e-05
aN_478_rp_02050_seed_504_crop.jpeg,3.033096e-05,3.342241e-05
aN_478_rp_02225_seed_500_crop.jpeg,1.779503e-05,1.737771e-05
aN_478_rp_02225_seed_501_crop.jpeg,1.895517e-05,1.733937e-05
aN_478_rp_02225_seed_502_crop.jpeg,1.757958e-05,1.762766e-05
aN_478_rp_02225_seed_503_crop.jpeg,2.049638e-05,1.975546e-05
aN_478_rp_02225_seed_504_crop.jpeg,1.697345e-05,1.893405e-05
aN_478_rp_02400_seed_500_crop.jpeg,1.054759e-05,9.223493e-06
aN_478_rp_02400_seed_501_crop.jpeg,1.030397e-05,9.669347e-06
aN_478_rp_02400_seed_502_crop.jpeg,9.871267e-06,1.107208e-05
aN_478_rp_02400_seed_503_crop.jpeg,1.104232e-05,1.123521e-05
aN_478_rp_02400_seed_504_crop.jpeg,1.031059e-05,1.115536e-05
aN_479_rp_01700_seed_500_crop.jpeg,7.231103e-05,7.826650e-05
aN_479_rp_01700_seed_501_crop.jpeg,6.930639e-05,7.475475e-05
aN_479_rp_01700_seed_502_crop.jpeg,7.128908e-05,6.689108e-05
aN_479_rp_01700_seed_503_crop.jpeg,7.783802e-05,7.251008e-05
aN_479_rp_01700_seed_504_crop.jpeg,7.003323e-05,7.430043e-05
aN_479_rp_01875_seed_500_crop.jpeg,5.043830e-05,4.629629e-05
aN_479_rp_01875_seed_501_crop.jpeg,5.034235e-05,4.658248e-05
aN_479_rp_01875_seed_502_crop.jpeg,4.734748e-05,4.767737e-05
aN_479_rp_01875_seed_503_crop.jpeg,4.954858e-05,4.920062e-05
aN_479_rp_01875_seed_504_crop.jpeg,4.427022e-05,4.601423e-05
aN_479_rp_02050_seed_500_crop.jpeg,3.229305e-05,2.884626e-05
aN_479_rp_02050_seed_501_crop.jpeg,2.897215e-05,2.857693e-05
aN_479_rp_02050_seed_502_crop.jpeg,2.999864e-05,2.950204e-05
aN_479_rp_02050_seed_503_crop.jpeg,3.021435e-05,3.322864e-05
aN_479_rp_02050_seed_504_crop.jpeg,3.023571e-05,3.355559e-05
aN_479_rp_02225_seed_500_crop.jpeg,1.768900e-05,1.700928e-05
aN_479_rp_02225_seed_501_crop.jpeg,1.864988e-05,1.722840e-05
aN_479_rp_02225_seed_502_crop.jpeg,1.699886e-05,1.714640e-05
aN_479_rp_02225_seed_503_crop.jpeg,2.028730e-05,1.914732e-05
aN_479_rp_02225_seed_504_crop.jpeg,1.694306e-05,1.877665e-05
aN_479_rp_02400_seed_500_crop.jpeg,1.045974e-05,8.988924e-06
aN_479_rp_02400_seed_501_crop.jpeg,1.029064e-05,9.661918e-06
aN_479_rp_02400_seed_502_crop.jpeg,9.629577e-06,1.113595e-05
aN_479_rp_02400_seed_503_crop.jpeg,1.096722e-05,1.120960e-05
aN_479_rp_02400_seed_504_crop.jpeg,1.030681e-05,1.116032e-05
aN_480_rp_01700_seed_500_crop.jpeg,7.083176e-05,7.788438e-05
aN_480_rp_01700_seed_501_crop.jpeg,6.927148e-05,7.458803e-05
aN_480_rp_01700_seed_502_crop.jpeg,7.126221e-05,6.661074e-05
aN_480_rp_01700_seed_503_crop.jpeg,7.776958e-05,7.250220e-05
aN_480_rp_01700_seed_504_crop.jpeg,6.946573e-05,7.428229e-05
aN_480_rp_01875_seed_500_crop.jpeg,5.013966e-05,4.615883e-05
aN_480_rp_01875_seed_501_crop.jpeg,5.014139e-05,4.684180e-05
aN_480_rp_01875_seed_502_crop.jpeg,4.705587e-05,4.750830e-05
aN_480_rp_01875_seed_503_crop.jpeg,4.950116e-05,4.831913e-05
aN_480_rp_01875_seed_504_crop.jpeg,4.387243e-05,4.544550e-05
aN_480_rp_02050_seed_500_crop.jpeg,3.197451e-05,2.826659e-05
aN_480_rp_02050_seed_501_crop.jpeg,2.894646e-05,2.803776e-05
aN_480_rp_02050_seed_502_crop.jpeg,2.993803e-05,2.902316e-05
aN_480_rp_02050_seed_503_crop.jpeg,2.950498e-05,3.138440e-05
aN_480_rp_02050_seed_504_crop.jpeg,3.002348e-05,3.346473e-05
aN_480_rp_02225_seed_500_crop.jpeg,1.762069e-05,1.696379e-05
aN_480_rp_02225_seed_501_crop.jpeg,1.862560e-05,1.723021e-05
aN_480_rp_02225_seed_502_crop.jpeg,1.683887e-05,1.701554e-05
aN_480_rp_02225_seed_503_crop.jpeg,2.017177e-05,1.917138e-05
aN_480_rp_02225_seed_504_crop.jpeg,1.680369e-05,1.869994e-05
aN_480_rp_02400_seed_500_crop.jpeg,1.034750e-05,8.997990e-06
aN_480_rp_02400_seed_501_crop.jpeg,9.820560e-06,9.714387e-06
aN_480_rp_02400_seed_502_crop.jpeg,9.324466e-06,1.146604e-05
aN_480_rp_02400_seed_503_crop.jpeg,1.090754e-05,1.111819e-05
aN_480_rp_02400_seed_504_crop.jpeg,1.018660e-05,1.117517e-05
aN_481_rp_01700_seed_500_crop.jpeg,7.065478e-05,7.750959e-05
aN_481_rp_01700_seed_501_crop.jpeg,6.882939e-05,7.397315e-05
aN_481_rp_01700_seed_502_crop.jpeg,7.101069e-05,6.693460e-05
aN_481_rp_01700_seed_503_crop.jpeg,7.754069e-05,7.167768e-05
aN_481_rp_01700_seed_504_crop.jpeg,6.928771e-05,7.410978e-05
aN_481_rp_01875_seed_500_crop.jpeg,4.988149e-05,4.589704e-05
aN_481_rp_01875_seed_501_crop.jpeg,4.989396e-05,4.658270e-05
aN_481_rp_01875_seed_502_crop.jpeg,4.664550e-05,4.653244e-05
aN_481_rp_01875_seed_503_crop.jpeg,4.946209e-05,4.828743e-05
aN_481_rp_01875_seed_504_crop.jpeg,4.375251e-05,4.488295e-05
aN_481_rp_02050_seed_500_crop.jpeg,3.180432e-05,2.841605e-05
aN_481_rp_02050_seed_501_crop.jpeg,2.876164e-05,2.782862e-05
aN_481_rp_02050_seed_502_crop.jpeg,2.980237e-05,2.817535e-05
aN_481_rp_02050_seed_503_crop.jpeg,2.934664e-05,3.105282e-05
aN_481_rp_02050_seed_504_crop.jpeg,2.942668e-05,3.385362e-05
aN_481_rp_02225_seed_500_crop.jpeg,1.755287e-05,1.693683e-05
aN_481_rp_02225_seed_501_crop.jpeg,1.841830e-05,1.693492e-05
aN_481_rp_02225_seed_502_crop.jpeg,1.673320e-05,1.699654e-05
aN_481_rp_02225_seed_503_crop.jpeg,2.008835e-05,1.916721e-05
aN_481_rp_02225_seed_504_crop.jpeg,1.645070e-05,1.862213e-05
aN_481_rp_02400_seed_500_crop.jpeg,1.027029e-05,9.039162e-06
aN_481_rp_02400_seed_501_crop.jpeg,9.716009e-06,9.778681e-06
aN_481_rp_02400_seed_502_crop.jpeg,9.274286e-06,1.086895e-05
aN_481_rp_02400_seed_503_crop.jpeg,1.083170e-05,1.119417e-05
aN_481_rp_02400_seed_504_crop.jpeg,1.001920e-05,1.114278e-05
aN_482_rp_01700_seed_500_crop.jpeg,7.028164e-05,7.629853e-05
aN_482_rp_01700_seed_501_crop.jpeg,6.777750e-05,7.398923e-05
aN_482_rp_01700_seed_502_crop.jpeg,7.049109e-05,6.543684e-05
aN_482_rp_01700_seed_503_crop.jpeg,7.726881e-05,7.161379e-05
aN_482_rp_01700_seed_504_crop.jpeg,6.911228e-05,7.298169e-05
aN_482_rp_01875_seed_500_crop.jpeg,4.970426e-05,4.579682e-05
aN_482_rp_01875_seed_501_crop.jpeg,4.859959e-05,4.675245e-05
aN_482_rp_01875_seed_502_crop.jpeg,4.660764e-05,4.662052e-05
aN_482_rp_01875_seed_503_crop.jpeg,4.814883e-05,4.690093e-05
aN_482_rp_01875_seed_504_crop.jpeg,4.372140e-05,4.517409e-05
aN_482_rp_02050_seed_500_crop.jpeg,3.174262e-05,2.846308e-05
aN_482_rp_02050_seed_501_crop.jpeg,2.836543e-05,2.740904e-05
aN_482_rp_02050_seed_502_crop.jpeg,2.935411e-05,2.875227e-05
aN_482_rp_02050_seed_503_crop.jpeg,2.911728e-05,3.107827e-05
aN_482_rp_02050_seed_504_crop.jpeg,2.932196e-05,3.340122e-05
aN_482_rp_02225_seed_500_crop.jpeg,1.748080e-05,1.703722e-05
aN_482_rp_02225_seed_501_crop.jpeg,1.816469e-05,1.690372e-05
aN_482_rp_02225_seed_502_crop.jpeg,1.664895e-05,1.694961e-05
aN_482_rp_02225_seed_503_crop.jpeg,1.992445e-05,1.923724e-05
aN_482_rp_02225_seed_504_crop.jpeg,1.620362e-05,1.835998e-05
aN_482_rp_02400_seed_500_crop.jpeg,1.025120e-05,9.057663e-06
aN_482_rp_02400_seed_501_crop.jpeg,9.635367e-06,9.611609e-06
aN_482_rp_02400_seed_502_crop.jpeg,9.223248e-06,1.072736e-05
aN_482_rp_02400_seed_503_crop.jpeg,1.079649e-05,1.122584e-05
aN_482_rp_02400_seed_504_crop.jpeg,9.986497e-06,1.096973e-05
aN_483_rp_01700_seed_500_crop.jpeg,6.997584e-05,7.472787e-05
aN_483_rp_01700_seed_501_crop.jpeg,6.738506e-05,7.322486e-05
aN_483_rp_01700_seed_502_crop.jpeg,7.031333e-05,6.533819e-05
aN_483_rp_01700_seed_503_crop.jpeg,7.641630e-05,7.277006e-05
aN_483_rp_01700_seed_504_crop.jpeg,6.901176e-05,7.249349e-05
aN_483_rp_01875_seed_500_crop.jpeg,4.924605e-05,4.600589e-05
aN_483_rp_01875_seed_501_crop.jpeg,4.819187e-05,4.662577e-05
aN_483_rp_01875_seed_502_crop.jpeg,4.623145e-05,4.620578e-05
aN_483_rp_01875_seed_503_crop.jpeg,4.791065e-05,4.659283e-05
aN_483_rp_01875_seed_504_crop.jpeg,4.351240e-05,4.515381e-05
aN_483_rp_02050_seed_500_crop.jpeg,3.126224e-05,2.845925e-05
aN_483_rp_02050_seed_501_crop.jpeg,2.768039e-05,2.665585e-05
aN_483_rp_02050_seed_502_crop.jpeg,2.930902e-05,2.883765e-05
aN_483_rp_02050_seed_503_crop.jpeg,2.886465e-05,3.084421e-05
aN_483_rp_02050_seed_504_crop.jpeg,2.917743e-05,3.335840e-05
aN_483_rp_02225_seed_500_crop.jpeg,1.743791e-05,1.704966e-05
aN_483_rp_02225_seed_501_crop.jpeg,1.798956e-05,1.677955e-05
aN_483_rp_02225_seed_502_crop.jpeg,1.641277e-05,1.670229e-05
aN_483_rp_02225_seed_503_crop.jpeg,1.977951e-05,1.868232e-05
aN_483_rp_02225_seed_504_crop.jpeg,1.616112e-05,1.839814e-05
aN_483_rp_02400_seed_500_crop.jpeg,1.022548e-05,8.965791e-06
aN_483_rp_02400_seed_501_crop.jpeg,9.580468e-06,9.580384e-06
aN_483_rp_02400_seed_502_crop.jpeg,9.216765e-06,1.073335e-05
aN_483_rp_02400_seed_503_crop.jpeg,1.059007e-05,1.078416e-05
aN_483_rp_02400_seed_504_crop.jpeg,9.884003e-06,1.073379e-05
aN_484_rp_01700_seed_500_crop.jpeg,6.902329e-05,7.439651e-05
aN_484_rp_01700_seed_501_crop.jpeg,6.728798e-05,7.312974e-05
aN_484_rp_01700_seed_502_crop.jpeg,7.029040e-05,6.540377e-05
aN_484_rp_01700_seed_503_crop.jpeg,7.595340e-05,7.301024e-05
aN_484_rp_01700_seed_504_crop.jpeg,6.887115e-05,7.261000e-05
aN_484_rp_01875_seed_500_crop.jpeg,4.893448e-05,4.596668e-05
aN_484_rp_01875_seed_501_crop.jpeg,4.688855e-05,4.634131e-05
aN_484_rp_01875_seed_502_crop.jpeg,4.621400e-05,4.616191e-05
aN_484_rp_01875_seed_503_crop.jpeg,4.684870e-05,4.630402e-05
aN_484_rp_01875_seed_504_crop.jpeg,4.335083e-05,4.379175e-05
aN_484_rp_02050_seed_500_crop.jpeg,3.117304e-05,2.823932e-05
aN_484_rp_02050_seed_501_crop.jpeg,2.757810e-05,2.620907e-05
aN_484_rp_02050_seed_502_crop.jpeg,2.923940e-05,2.882382e-05
aN_484_rp_02050_seed_503_crop.jpeg,2.884972e-05,3.075894e-05
aN_484_rp_02050_seed_504_crop.jpeg,2.874559e-05,3.270477e-05
aN_484_rp_02225_seed_500_crop.jpeg,1.717511e-05,1.717283e-05
aN_484_rp_02225_seed_501_crop.jpeg,1.793388e-05,1.681506e-05
aN_484_rp_02225_seed_502_crop.jpeg,1.635410e-05,1.663989e-05
aN_484_rp_02225_seed_503_crop.jpeg,1.970669e-05,1.862273e-05
aN_484_rp_02225_seed_504_crop.jpeg,1.605625e-05,1.828095e-05
aN_484_rp_02400_seed_500_crop.jpeg,9.814212e-06,8.820798e-06
aN_484_rp_02400_seed_501_crop.jpeg,9.576527e-06,9.511678e-06
aN_484_rp_02400_seed_502_crop.jpeg,9.035906e-06,1.057872e-05
aN_484_rp_02400_seed_503_crop.jpeg,1.045535e-05,1.052468e-05
aN_484_rp_02400_seed_504_crop.jpeg,9.846220e-06,1.069183e-05
aN_485_rp_01700_seed_500_crop.jpeg,6.861267e-05,7.340176e-05
aN_485_rp_01700_seed_501_crop.jpeg,6.681768e-05,7.326600e-05
aN_485_rp_01700_seed_502_crop.jpeg,7.020921e-05,6.496923e-05
aN_485_rp_01700_seed_503_crop.jpeg,7.565462e-05,7.250496e-05
aN_485_rp_01700_seed_504_crop.jpeg,6.863095e-05,7.172328e-05
aN_485_rp_01875_seed_500_crop.jpeg,4.886824e-05,4.572181e-05
aN_485_rp_01875_seed_501_crop.jpeg,4.587727e-05,4.676988e-05
aN_485_rp_01875_seed_502_crop.jpeg,4.575608e-05,4.542111e-05
aN_485_rp_01875_seed_503_crop.jpeg,4.679511e-05,4.516048e-05
aN_485_rp_01875_seed_504_crop.jpeg,4.327623e-05,4.423137e-05
aN_485_rp_02050_seed_500_crop.jpeg,3.106630e-05,2.787864e-05
aN_485_rp_02050_seed_501_crop.jpeg,2.726348e-05,2.629218e-05
aN_485_rp_02050_seed_502_crop.jpeg,2.913868e-05,2.838352e-05
aN_485_rp_02050_seed_503_crop.jpeg,2.864482e-05,3.058487e-05
aN_485_rp_02050_seed_504_crop.jpeg,2.858846e-05,3.216719e-05
aN_485_rp_02225_seed_500_crop.jpeg,1.706605e-05,1.703600e-05
aN_485_rp_02225_seed_501_crop.jpeg,1.784650e-05,1.661054e-05
aN_485_rp_02225_seed_502_crop.jpeg,1.621181e-05,1.628094e-05
aN_485_rp_02225_seed_503_crop.jpeg,1.963750e-05,1.843732e-05
aN_485_rp_02225_seed_504_crop.jpeg,1.604954e-05,1.828275e-05
aN_485_rp_02400_seed_500_crop.jpeg,9.807100e-06,8.814769e-06
aN_485_rp_02400_seed_501_crop.jpeg,9.531988e-06,9.440746e-06
aN_485_rp_02400_seed_502_crop.jpeg,8.931466e-06,1.050802e-05
aN_485_rp_02400_seed_503_crop.jpeg,1.028333e-05,1.028258e-05
aN_485_rp_02400_seed_504_crop.jpeg,9.533941e-06,1.043651e-05
aN_486_rp_01700_seed_500_crop.jpeg,6.855331e-05,7.346569e-05
aN_486_rp_01700_seed_501_crop.jpeg,6.660744e-05,7.326055e-05
aN_486_rp_01700_seed_502_crop.jpeg,7.001165e-05,6.502124e-05
aN_486_rp_01700_seed_503_crop.jpeg,7.523744e-05,7.034020e-05
aN_486_rp_01700_seed_504_crop.jpeg,6.854214e-05,7.182672e-05
aN_486_rp_01875_seed_500_crop.jpeg,4.867735e-05,4.493314e-05
aN_486_rp_01875_seed_501_crop.jpeg,4.565733e-05,4.651496e-05
aN_486_rp_01875_seed_502_crop.jpeg,4.558529e-05,4.536743e-05
aN_486_rp_01875_seed_503_crop.jpeg,4.600749e-05,4.544633e-05
aN_486_rp_01875_seed_504_crop.jpeg,4.322172e-05,4.381067e-05
aN_486_rp_02050_seed_500_crop.jpeg,3.089219e-05,2.771920e-05
aN_486_rp_02050_seed_501_crop.jpeg,2.701107e-05,2.664789e-05
aN_486_rp_02050_seed_502_crop.jpeg,2.780458e-05,2.724073e-05
aN_486_rp_02050_seed_503_crop.jpeg,2.853554e-05,3.054429e-05
aN_486_rp_02050_seed_504_crop.jpeg,2.844871e-05,3.197869e-05
aN_486_rp_02225_seed_500_crop.jpeg,1.693664e-05,1.677284e-05
aN_486_rp_02225_seed_501_crop.jpeg,1.756410e-05,1.673316e-05
aN_486_rp_02225_seed_502_crop.jpeg,1.603683e-05,1.626241e-05
aN_486_rp_02225_seed_503_crop.jpeg,1.932320e-05,1.845451e-05
aN_486_rp_02225_seed_504_crop.jpeg,1.601268e-05,1.828700e-05
aN_486_rp_02400_seed_500_crop.jpeg,9.555608e-06,8.851556e-06
aN_486_rp_02400_seed_501_crop.jpeg,9.307772e-06,9.398696e-06
aN_486_rp_02400_seed_502_crop.jpeg,8.634359e-06,9.702730e-06
aN_486_rp_02400_seed_503_crop.jpeg,9.987430e-06,1.032301e-05
aN_486_rp_02400_seed_504_crop.jpeg,9.486544e-06,1.043756e-05
aN_487_rp_01700_seed_500_crop.jpeg,6.845507e-05,7.269592e-05
aN_487_rp_01700_seed_501_crop.jpeg,6.629575e-05,7.301274e-05
aN_487_rp_01700_seed_502_crop.jpeg,6.936392e-05,6.509675e-05
aN_487_rp_01700_seed_503_crop.jpeg,7.438444e-05,6.929915e-05
aN_487_rp_01700_seed_504_crop.jpeg,6.720499e-05,7.092664e-05
aN_487_rp_01875_seed_500_crop.jpeg,4.805221e-05,4.497254e-05
aN_487_rp_01875_seed_501_crop.jpeg,4.516055e-05,4.667310e-05
aN_487_rp_01875_seed_502_crop.jpeg,4.540816e-05,4.476637e-05
aN_487_rp_01875_seed_503_crop.jpeg,4.568769e-05,4.591254e-05
aN_487_rp_01875_seed_504_crop.jpeg,4.190800e-05,4.369376e-05
aN_487_rp_02050_seed_500_crop.jpeg,3.035620e-05,2.717894e-05
aN_487_rp_02050_seed_501_crop.jpeg,2.692084e-05,2.719533e-05
aN_487_rp_02050_seed_502_crop.jpeg,2.774115e-05,2.683546e-05
aN_487_rp_02050_seed_503_crop.jpeg,2.826056e-05,3.048083e-05
aN_487_rp_02050_seed_504_crop.jpeg,2.843777e-05,3.192581e-05
aN_487_rp_02225_seed_500_crop.jpeg,1.675377e-05,1.665194e-05
aN_487_rp_02225_seed_501_crop.jpeg,1.726478e-05,1.653797e-05
aN_487_rp_02225_seed_502_crop.jpeg,1.596610e-05,1.617892e-05
aN_487_rp_02225_seed_503_crop.jpeg,1.896206e-05,1.781028e-05
aN_487_rp_02225_seed_504_crop.jpeg,1.582904e-05,1.824140e-05
aN_487_rp_02400_seed_500_crop.jpeg,9.484217e-06,8.842141e-06
aN_487_rp_02400_seed_501_crop.jpeg,9.217149e-06,9.186360e-06
aN_487_rp_02400_seed_502_crop.jpeg,8.510548e-06,9.088606e-06
aN_487_rp_02400_seed_503_crop.jpeg,9.815837e-06,1.013381e-05
aN_487_rp_02400_seed_504_crop.jpeg,9.345655e-06,1.039659e-05
aN_488_rp_01700_seed_500_crop.jpeg,6.814985e-05,7.288445e-05
aN_488_rp_01700_seed_501_crop.jpeg,6.596309e-05,7.282623e-05
aN_488_rp_01700_seed_502_crop.jpeg,6.871660e-05,6.333646e-05
aN_488_rp_01700_seed_503_crop.jpeg,7.424916e-05,6.944643e-05
aN_488_rp_01700_seed_504_crop.jpeg,6.680156e-05,7.029078e-05
aN_488_rp_01875_seed_500_crop.jpeg,4.799418e-05,4.456855e-05
aN_488_rp_01875_seed_501_crop.jpeg,4.477209e-05,4.539972e-05
aN_488_rp_01875_seed_502_crop.jpeg,4.505893e-05,4.457853e-05
aN_488_rp_01875_seed_503_crop.jpeg,4.532537e-05,4.566738e-05
aN_488_rp_01875_seed_504_crop.jpeg,4.162295e-05,4.372448e-05
aN_488_rp_02050_seed_500_crop.jpeg,3.015799e-05,2.752907e-05
aN_488_rp_02050_seed_501_crop.jpeg,2.677149e-05,2.691656e-05
aN_488_rp_02050_seed_502_crop.jpeg,2.755687e-05,2.660137e-05
aN_488_rp_02050_seed_503_crop.jpeg,2.821975e-05,3.042585e-05
aN_488_rp_02050_seed_504_crop.jpeg,2.834360e-05,3.162759e-05
aN_488_rp_02225_seed_500_crop.jpeg,1.659108e-05,1.645133e-05
aN_488_rp_02225_seed_501_crop.jpeg,1.723038e-05,1.659673e-05
aN_488_rp_02225_seed_502_crop.jpeg,1.588435e-05,1.620519e-05
aN_488_rp_02225_seed_503_crop.jpeg,1.880131e-05,1.750161e-05
aN_488_rp_02225_seed_504_crop.jpeg,1.581341e-05,1.811114e-05
aN_488_rp_02400_seed_500_crop.jpeg,9.465119e-06,8.407157e-06
aN_488_rp_02400_seed_501_crop.jpeg,9.104657e-06,9.230093e-06
aN_488_rp_02400_seed_502_crop.jpeg,8.458182e-06,9.139540e-06
aN_488_rp_02400_seed_503_crop.jpeg,9.770079e-06,1.017627e-05
aN_488_rp_02400_seed_504_crop.jpeg,9.278361e-06,1.036628e-05
aN_489_rp_01700_seed_500_crop.jpeg,6.720414e-05,7.149539e-05
aN_489_rp_01700_seed_501_crop.jpeg,6.588388e-05,7.310751e-05
aN_489_rp_01700_seed_502_crop.jpeg,6.810742e-05,6.294332e-05
aN_489_rp_01700_seed_503_crop.jpeg,7.397943e-05,6.921541e-05
aN_489_rp_01700_seed_504_crop.jpeg,6.678264e-05,7.008528e-05
aN_489_rp_01875_seed_500_crop.jpeg,4.749593e-05,4.454433e-05
aN_489_rp_01875_seed_501_crop.jpeg,4.462916e-05,4.544789e-05
aN_489_rp_01875_seed_502_crop.jpeg,4.464780e-05,4.472357e-05
aN_489_rp_01875_seed_503_crop.jpeg,4.524076e-05,4.580063e-05
aN_489_rp_01875_seed_504_crop.jpeg,4.149397e-05,4.344069e-05
aN_489_rp_02050_seed_500_crop.jpeg,2.990534e-05,2.739759e-05
aN_489_rp_02050_seed_501_crop.jpeg,2.673954e-05,2.702817e-05
aN_489_rp_02050_seed_502_crop.jpeg,2.747783e-05,2.628774e-05
aN_489_rp_02050_seed_503_crop.jpeg,2.803190e-05,3.053750e-05
aN_489_rp_02050_seed_504_crop.jpeg,2.826345e-05,3.181254e-05
aN_489_rp_02225_seed_500_crop.jpeg,1.650896e-05,1.620621e-05
aN_489_rp_02225_seed_501_crop.jpeg,1.707867e-05,1.623316e-05
aN_489_rp_02225_seed_502_crop.jpeg,1.554058e-05,1.628199e-05
aN_489_rp_02225_seed_503_crop.jpeg,1.871947e-05,1.738377e-05
aN_489_rp_02225_seed_504_crop.jpeg,1.562989e-05,1.767267e-05
aN_489_rp_02400_seed_500_crop.jpeg,9.450716e-06,8.362634e-06
aN_489_rp_02400_seed_501_crop.jpeg,8.940127e-06,9.219430e-06
aN_489_rp_02400_seed_502_crop.jpeg,8.364376e-06,9.518293e-06
aN_489_rp_02400_seed_503_crop.jpeg,9.625661e-06,9.802359e-06
aN_489_rp_02400_seed_504_crop.jpeg,9.221502e-06,1.029750e-05
aN_490_rp_01700_seed_500_crop.jpeg,6.706159e-05,7.066609e-05
aN_490_rp_01700_seed_501_crop.jpeg,6.562142e-05,7.278221e-05
aN_490_rp_01700_seed_502_crop.jpeg,6.780311e-05,6.355871e-05
aN_490_rp_01700_seed_503_crop.jpeg,7.385805e-05,6.897278e-05
aN_490_rp_01700_seed_504_crop.jpeg,6.625183e-05,6.883420e-05
aN_490_rp_01875_seed_500_crop.jpeg,4.682630e-05,4.450246e-05
aN_490_rp_01875_seed_501_crop.jpeg,4.454855e-05,4.458355e-05
aN_490_rp_01875_seed_502_crop.jpeg,4.455815e-05,4.362577e-05
aN_490_rp_01875_seed_503_crop.jpeg,4.500315e-05,4.510599e-05
aN_490_rp_01875_seed_504_crop.jpeg,4.132307e-05,4.344031e-05
aN_490_rp_02050_seed_500_crop.jpeg,2.988111e-05,2.735764e-05
aN_490_rp_02050_seed_501_crop.jpeg,2.648007e-05,2.637622e-05
aN_490_rp_02050_seed_502_crop.jpeg,2.744003e-05,2.619488e-05
aN_490_rp_02050_seed_503_crop.jpeg,2.802439e-05,3.054540e-05
aN_490_rp_02050_seed_504_crop.jpeg,2.760197e-05,3.208472e-05
aN_490_rp_02225_seed_500_crop.jpeg,1.630984e-05,1.629684e-05
aN_490_rp_02225_seed_501_crop.jpeg,1.691674e-05,1.603643e-05
aN_490_rp_02225_seed_502_crop.jpeg,1.519441e-05,1.661971e-05
aN_490_rp_02225_seed_503_crop.jpeg,1.851604e-05,1.733103e-05
aN_490_rp_02225_seed_504_crop.jpeg,1.537258e-05,1.766046e-05
aN_490_rp_02400_seed_500_crop.jpeg,9.021956e-06,8.387618e-06
aN_490_rp_02400_seed_501_crop.jpeg,8.861136e-06,9.092560e-06
aN_490_rp_02400_seed_502_crop.jpeg,8.295965e-06,9.132918e-06
aN_490_rp_02400_seed_503_crop.jpeg,9.507821e-06,9.427737e-06
aN_490_rp_02400_seed_504_crop.jpeg,9.007427e-06,9.956059e-06
aN_491_rp_01700_seed_500_crop.jpeg,6.679481e-05,7.132310e-05
aN_491_rp_01700_seed_501_crop.jpeg,6.559690e-05,7.274494e-05
aN_491_rp_01700_seed_502_crop.jpeg,6.767746e-05,6.336728e-05
aN_491_rp_01700_seed_503_crop.jpeg,7.382132e-05,6.875232e-05
aN_491_rp_01700_seed_504_crop.jpeg,6.527988e-05,6.825940e-05
aN_491_rp_01875_seed_500_crop.jpeg,4.650200e-05,4.361137e-05
aN_491_rp_01875_seed_501_crop.jpeg,4.431386e-05,4.462503e-05
aN_491_rp_01875_seed_502_crop.jpeg,4.447756e-05,4.375060e-05
aN_491_rp_01875_seed_503_crop.jpeg,4.439530e-05,4.409937e-05
aN_491_rp_01875_seed_504_crop.jpeg,4.122252e-05,4.351026e-05
aN_491_rp_02050_seed_500_crop.jpeg,2.983792e-05,2.727095e-05
aN_491_rp_02050_seed_501_crop.jpeg,2.647254e-05,2.592498e-05
aN_491_rp_02050_seed_502_crop.jpeg,2.731617e-05,2.608728e-05
aN_491_rp_02050_seed_503_crop.jpeg,2.796326e-05,3.045584e-05
aN_491_rp_02050_seed_504_crop.jpeg,2.734344e-05,3.207230e-05
aN_491_rp_02225_seed_500_crop.jpeg,1.629883e-05,1.610574e-05
aN_491_rp_02225_seed_501_crop.jpeg,1.684738e-05,1.599589e-05
aN_491_rp_02225_seed_502_crop.jpeg,1.504506e-05,1.636903e-05
aN_491_rp_02225_seed_503_crop.jpeg,1.843476e-05,1.728963e-05
aN_491_rp_02225_seed_504_crop.jpeg,1.529573e-05,1.771545e-05
aN_491_rp_02400_seed_500_crop.jpeg,8.916201e-06,8.655437e-06
aN_491_rp_02400_seed_501_crop.jpeg,8.808446e-06,8.823677e-06
aN_491_rp_02400_seed_502_crop.jpeg,7.800181e-06,8.028059e-06
aN_491_rp_02400_seed_503_crop.jpeg,9.379571e-06,9.400031e-06
aN_491_rp_02400_seed_504_crop.jpeg,8.987202e-06,9.956098e-06
aN_492_rp_01700_seed_500_crop.jpeg,6.647567e-05,7.131854e-05
aN_492_rp_01700_seed_501_crop.jpeg,6.534848e-05,7.299019e-05
aN_492_rp_01700_seed_502_crop.jpeg,6.729116e-05,6.325273e-05
aN_492_rp_01700_seed_503_crop.jpeg,7.345593e-05,6.792976e-05
aN_492_rp_01700_seed_504_crop.jpeg,6.474532e-05,6.774202e-05
aN_492_rp_01875_seed_500_crop.jpeg,4.601157e-05,4.238431e-05
aN_492_rp_01875_seed_501_crop.jpeg,4.418587e-05,4.419034e-05
aN_492_rp_01875_seed_502_crop.jpeg,4.426745e-05,4.370943e-05
aN_492_rp_01875_seed_503_crop.jpeg,4.407030e-05,4.413362e-05
aN_492_rp_01875_seed_504_crop.jpeg,4.045922e-05,4.147207e-05
aN_492_rp_02050_seed_500_crop.jpeg,2.980328e-05,2.708889e-05
aN_492_rp_02050_seed_501_crop.jpeg,2.620064e-05,2.537439e-05
aN_492_rp_02050_seed_502_crop.jpeg,2.695673e-05,2.602418e-05
aN_492_rp_02050_seed_503_crop.jpeg,2.789478e-05,3.059951e-05
aN_492_rp_02050_seed_504_crop.jpeg,2.717042e-05,3.227462e-05
aN_492_rp_02225_seed_500_crop.jpeg,1.624187e-05,1.577037e-05
aN_492_rp_02225_seed_501_crop.jpeg,1.664697e-05,1.593710e-05
aN_492_rp_02225_seed_502_crop.jpeg,1.500627e-05,1.684932e-05
aN_492_rp_02225_seed_503_crop.jpeg,1.831095e-05,1.694765e-05
aN_492_rp_02225_seed_504_crop.jpeg,1.522578e-05,1.761817e-05
aN_492_rp_02400_seed_500_crop.jpeg,8.841126e-06,8.747190e-06
aN_492_rp_02400_seed_501_crop.jpeg,8.775952e-06,8.809239e-06
aN_492_rp_02400_seed_502_crop.jpeg,7.581950e-06,7.746979e-06
aN_492_rp_02400_seed_503_crop.jpeg,9.328109e-06,9.442277e-06
aN_492_rp_02400_seed_504_crop.jpeg,8.782169e-06,9.913168e-06
aN_493_rp_01700_seed_500_crop.jpeg,6.576991e-05,7.162472e-05
aN_493_rp_01700_seed_501_crop.jpeg,6.509846e-05,7.340560e-05
aN_493_rp_01700_seed_502_crop.jpeg,6.709762e-05,6.346101e-05
aN_493_rp_01700_seed_503_crop.jpeg,7.126964e-05,7.076422e-05
aN_493_rp_01700_seed_504_crop.jpeg,6.439006e-05,6.627876e-05
aN_493_rp_01875_seed_500_crop.jpeg,4.579773e-05,4.247033e-05
aN_493_rp_01875_seed_501_crop.jpeg,4.407724e-05,4.424040e-05
aN_493_rp_01875_seed_502_crop.jpeg,4.344864e-05,4.392929e-05
aN_493_rp_01875_seed_503_crop.jpeg,4.397754e-05,4.306088e-05
aN_493_rp_01875_seed_504_crop.jpeg,4.020040e-05,4.149980e-05
aN_493_rp_02050_seed_500_crop.jpeg,2.975464e-05,2.714674e-05
aN_493_rp_02050_seed_501_crop.jpeg,2.619766e-05,2.545028e-05
aN_493_rp_02050_seed_502_crop.jpeg,2.664716e-05,2.585781e-05
aN_493_rp_02050_seed_503_crop.jpeg,2.769389e-05,3.067384e-05
aN_493_rp_02050_seed_504_crop.jpeg,2.711897e-05,3.114375e-05
aN_493_rp_02225_seed_500_crop.jpeg,1.620300e-05,1.583816e-05
aN_493_rp_02225_seed_501_crop.jpeg,1.655591e-05,1.598514e-05
aN_493_rp_02225_seed_502_crop.jpeg,1.478272e-05,1.689882e-05
aN_493_rp_02225_seed_503_crop.jpeg,1.830109e-05,1.663876e-05
aN_493_rp_02225_seed_504_crop.jpeg,1.515038e-05,1.713929e-05
aN_493_rp_02400_seed_500_crop.jpeg,8.837835e-06,8.676238e-06
aN_493_rp_02400_seed_501_crop.jpeg,8.751723e-06,8.645578e-06
aN_493_rp_02400_seed_502_crop.jpeg,7.568562e-06,7.738577e-06
aN_493_rp_02400_seed_503_crop.jpeg,9.312869e-06,9.402245e-06
aN_493_rp_02400_seed_504_crop.jpeg,8.678103e-06,9.900782e-06
aN_494_rp_01700_seed_500_crop.jpeg,6.564916e-05,6.989045e-05
aN_494_rp_01700_seed_501_crop.jpeg,6.497241e-05,7.280540e-05
aN_494_rp_01700_seed_502_crop.jpeg,6.692484e-05,6.332710e-05
aN_494_rp_01700_seed_503_crop.jpeg,7.104376e-05,7.087147e-05
aN_494_rp_01700_seed_504_crop.jpeg,6.311273e-05,6.617663e-05
aN_494_rp_01875_seed_500_crop.jpeg,4.571240e-05,4.188528e-05
aN_494_rp_01875_seed_501_crop.jpeg,4.361627e-05,4.338169e-05
aN_494_rp_01875_seed_502_crop.jpeg,4.289591e-05,4.315182e-05
aN_494_rp_01875_seed_503_crop.jpeg,4.396023e-05,4.256968e-05
aN_494_rp_01875_seed_504_crop.jpeg,4.012458e-05,4.141852e-05
aN_494_rp_02050_seed_500_crop.jpeg,2.946907e-05,2.702701e-05
aN_494_rp_02050_seed_501_crop.jpeg,2.619052e-05,2.529862e-05
aN_494_rp_02050_seed_502_crop.jpeg,2.658631e-05,2.548182e-05
aN_494_rp_02050_seed_503_crop.jpeg,2.757674e-05,3.064367e-05
aN_494_rp_02050_seed_504_crop.jpeg,2.678970e-05,3.120185e-05
aN_494_rp_02225_seed_500_crop.jpeg,1.612697e-05,1.563438e-05
aN_494_rp_02225_seed_501_crop.jpeg,1.650272e-05,1.579004e-05
aN_494_rp_02225_seed_502_crop.jpeg,1.448005e-05,1.619377e-05
aN_494_rp_02225_seed_503_crop.jpeg,1.804933e-05,1.662753e-05
aN_494_rp_02225_seed_504_crop.jpeg,1.512239e-05,1.687511e-05
aN_494_rp_02400_seed_500_crop.jpeg,8.811852e-06,8.882345e-06
aN_494_rp_02400_seed_501_crop.jpeg,8.744672e-06,8.623239e-06
aN_494_rp_02400_seed_502_crop.jpeg,7.567170e-06,7.757478e-06
aN_494_rp_02400_seed_503_crop.jpeg,9.148115e-06,9.489960e-06
aN_494_rp_02400_seed_504_crop.jpeg,8.581685e-06,9.884442e-06
aN_495_rp_01700_seed_500_crop.jpeg,6.556653e-05,6.920993e-05
aN_495_rp_01700_seed_501_crop.jpeg,6.448702e-05,7.202743e-05
aN_495_rp_01700_seed_502_crop.jpeg,6.684164e-05,6.338571e-05
aN_495_rp_01700_seed_503_crop.jpeg,7.047358e-05,7.094355e-05
aN_495_rp_01700_seed_504_crop.jpeg,6.295514e-05,6.644146e-05
aN_495_rp_01875_seed_500_crop.jpeg,4.562683e-05,4.172577e-05
aN_495_rp_01875_seed_501_crop.jpeg,4.347009e-05,4.354621e-05
aN_495_rp_01875_seed_502_crop.jpeg,4.262926e-05,4.211090e-05
aN_495_rp_01875_seed_503_crop.jpeg,4.359227e-05,4.263651e-05
aN_495_rp_01875_seed_504_crop.jpeg,4.005158e-05,4.139829e-05
aN_495_rp_02050_seed_500_crop.jpeg,2.921310e-05,2.716337e-05
aN_495_rp_02050_seed_501_crop.jpeg,2.559016e-05,2.532648e-05
aN_495_rp_02050_seed_502_crop.jpeg,2.643660e-05,2.513754e-05
aN_495_rp_02050_seed_503_crop.jpeg,2.711131e-05,2.999393e-05
aN_495_rp_02050_seed_504_crop.jpeg,2.648472e-05,3.092497e-05
aN_495_rp_02225_seed_500_crop.jpeg,1.602710e-05,1.556344e-05
aN_495_rp_02225_seed_501_crop.jpeg,1.609329e-05,1.525947e-05
aN_495_rp_02225_seed_502_crop.jpeg,1.445731e-05,1.653126e-05
aN_495_rp_02225_seed_503_crop.jpeg,1.772798e-05,1.646084e-05
aN_495_rp_02225_seed_504_crop.jpeg,1.505967e-05,1.696903e-05
aN_495_rp_02400_seed_500_crop.jpeg,8.677957e-06,8.835625e-06
aN_495_rp_02400_seed_501_crop.jpeg,8.720423e-06,8.569557e-06
aN_495_rp_02400_seed_502_crop.jpeg,7.518478e-06,7.701184e-06
aN_495_rp_02400_seed_503_crop.jpeg,9.083169e-06,9.353379e-06
aN_495_rp_02400_seed_504_crop.jpeg,8.335044e-06,9.525758e-06
aN_496_rp_01700_seed_500_crop.jpeg,6.544026e-05,6.914455e-05
aN_496_rp_01700_seed_501_crop.jpeg,6.374211e-05,7.153079e-05
aN_496_rp_01700_seed_502_crop.jpeg,6.619826e-05,6.362269e-05
aN_496_rp_01700_seed_503_crop.jpeg,6.943687e-05,7.074546e-05
aN_496_rp_01700_seed_504_crop.jpeg,6.285970e-05,6.537054e-05
aN_496_rp_01875_seed_500_crop.jpeg,4.545058e-05,4.194137e-05
aN_496_rp_01875_seed_501_crop.jpeg,4.279739e-05,4.290667e-05
aN_496_rp_01875_seed_502_crop.jpeg,4.260680e-05,4.216805e-05
aN_496_rp_01875_seed_503_crop.jpeg,4.327301e-05,4.280021e-05
aN_496_rp_01875_seed_504_crop.jpeg,3.987174e-05,4.156984e-05
aN_496_rp_02050_seed_500_crop.jpeg,2.905625e-05,2.659658e-05
aN_496_rp_02050_seed_501_crop.jpeg,2.552946e-05,2.525318e-05
aN_496_rp_02050_seed_502_crop.jpeg,2.640615e-05,2.504969e-05
aN_496_rp_02050_seed_503_crop.jpeg,2.701070e-05,3.024238e-05
aN_496_rp_02050_seed_504_crop.jpeg,2.622760e-05,2.976707e-05
aN_496_rp_02225_seed_500_crop.jpeg,1.600800e-05,1.548447e-05
aN_496_rp_02225_seed_501_crop.jpeg,1.602786e-05,1.544373e-05
aN_496_rp_02225_seed_502_crop.jpeg,1.433570e-05,1.596677e-05
aN_496_rp_02225_seed_503_crop.jpeg,1.744516e-05,1.665217e-05
aN_496_rp_02225_seed_504_crop.jpeg,1.486492e-05,1.737776e-05
aN_496_rp_02400_seed_500_crop.jpeg,8.521418e-06,8.824644e-06
aN_496_rp_02400_seed_501_crop.jpeg,8.535645e-06,8.448566e-06
aN_496_rp_02400_seed_502_crop.jpeg,7.496131e-06,7.515157e-06
aN_496_rp_02400_seed_503_crop.jpeg,9.004309e-06,9.278342e-06
aN_496_rp_02400_seed_504_crop.jpeg,8.035602e-06,9.318725e-06
aN_497_rp_01700_seed_500_crop.jpeg,6.473000e-05,6.797914e-05
aN_497_rp_01700_seed_501_crop.jpeg,6.289905e-05,7.036355e-05
aN_497_rp_01700_seed_502_crop.jpeg,6.499324e-05,6.212493e-05
aN_497_rp_01700_seed_503_crop.jpeg,6.933626e-05,7.046098e-05
aN_497_rp_01700_seed_504_crop.jpeg,6.233165e-05,6.559066e-05
aN_497_rp_01875_seed_500_crop.jpeg,4.471286e-05,4.169228e-05
aN_497_rp_01875_seed_501_crop.jpeg,4.275019e-05,4.264005e-05
aN_497_rp_01875_seed_502_crop.jpeg,4.248674e-05,4.159807e-05
aN_497_rp_01875_seed_503_crop.jpeg,4.291159e-05,4.272138e-05
aN_497_rp_01875_seed_504_crop.jpeg,3.986680e-05,4.144831e-05
aN_497_rp_02050_seed_500_crop.jpeg,2.870728e-05,2.560291e-05
aN_497_rp_02050_seed_501_crop.jpeg,2.534353e-05,2.465439e-05
aN_497_rp_02050_seed_502_crop.jpeg,2.638917e-05,2.493839e-05
aN_497_rp_02050_seed_503_crop.jpeg,2.694149e-05,3.048847e-05
aN_497_rp_02050_seed_504_crop.jpeg,2.590320e-05,2.974956e-05
aN_497_rp_02225_seed_500_crop.jpeg,1.558692e-05,1.523690e-05
aN_497_rp_02225_seed_501_crop.jpeg,1.600316e-05,1.549762e-05
aN_497_rp_02225_seed_502_crop.jpeg,1.421960e-05,1.589431e-05
aN_497_rp_02225_seed_503_crop.jpeg,1.744362e-05,1.648606e-05
aN_497_rp_02225_seed_504_crop.jpeg,1.465877e-05,1.692992e-05
aN_497_rp_02400_seed_500_crop.jpeg,8.400985e-06,8.650833e-06
aN_497_rp_02400_seed_501_crop.jpeg,8.199292e-06,8.473669e-06
aN_497_rp_02400_seed_502_crop.jpeg,7.399710e-06,7.449060e-06
aN_497_rp_02400_seed_503_crop.jpeg,8.987473e-06,9.085399e-06
aN_497_rp_02400_seed_504_crop.jpeg,7.914654e-06,9.406971e-06
aN_498_rp_01700_seed_500_crop.jpeg,6.471355e-05,6.771760e-05
aN_498_rp_01700_seed_501_crop.jpeg,6.210517e-05,6.992365e-05
aN_498_rp_01700_seed_502_crop.jpeg,6.495864e-05,6.198225e-05
aN_498_rp_01700_seed_503_crop.jpeg,6.920184e-05,7.070047e-05
aN_498_rp_01700_seed_504_crop.jpeg,6.202126e-05,6.543628e-05
aN_498_rp_01875_seed_500_crop.jpeg,4.454950e-05,4.210355e-05
aN_498_rp_01875_seed_501_crop.jpeg,4.263737e-05,4.246053e-05
aN_498_rp_01875_seed_502_crop.jpeg,4.238232e-05,4.142756e-05
aN_498_rp_01875_seed_503_crop.jpeg,4.255490e-05,4.257642e-05
aN_498_rp_01875_seed_504_crop.jpeg,3.983482e-05,4.070054e-05
aN_498_rp_02050_seed_500_crop.jpeg,2.863252e-05,2.544120e-05
aN_498_rp_02050_seed_501_crop.jpeg,2.496063e-05,2.428218e-05
aN_498_rp_02050_seed_502_crop.jpeg,2.630764e-05,2.491531e-05
aN_498_rp_02050_seed_503_crop.jpeg,2.656097e-05,2.927027e-05
aN_498_rp_02050_seed_504_crop.jpeg,2.586671e-05,2.974897e-05
aN_498_rp_02225_seed_500_crop.jpeg,1.527501e-05,1.526367e-05
aN_498_rp_02225_seed_501_crop.jpeg,1.591746e-05,1.498429e-05
aN_498_rp_02225_seed_502_crop.jpeg,1.398505e-05,1.588504e-05
aN_498_rp_02225_seed_503_crop.jpeg,1.734138e-05,1.643184e-05
aN_498_rp_02225_seed_504_crop.jpeg,1.453901e-05,1.697203e-05
aN_498_rp_02400_seed_500_crop.jpeg,8.334330e-06,8.541979e-06
aN_498_rp_02400_seed_501_crop.jpeg,7.946755e-06,8.441415e-06
aN_498_rp_02400_seed_502_crop.jpeg,7.398951e-06,7.404517e-06
aN_498_rp_02400_seed_503_crop.jpeg,8.928559e-06,9.073199e-06
aN_498_rp_02400_seed_504_crop.jpeg,7.874202e-06,9.242407e-06
aN_499_rp_01700_seed_500_crop.jpeg,6.420612e-05,6.732892e-05
aN_499_rp_01700_seed_501_crop.jpeg,6.184017e-05,6.966759e-05
aN_499_rp_01700_seed_502_crop.jpeg,6.473318e-05,6.229609e-05
aN_499_rp_01700_seed_503_crop.jpeg,6.884681e-05,6.979759e-05
aN_499_rp_01700_seed_504_crop.jpeg,6.175371e-05,6.541400e-05
aN_499_rp_01875_seed_500_crop.jpeg,4.424241e-05,4.107273e-05
aN_499_rp_01875_seed_501_crop.jpeg,4.216664e-05,4.192445e-05
aN_499_rp_01875_seed_502_crop.jpeg,4.224565e-05,4.103819e-05
aN_499_rp_01875_seed_503_crop.jpeg,4.239872e-05,4.252963e-05
aN_499_rp_01875_seed_504_crop.jpeg,3.911596e-05,4.070085e-05
aN_499_rp_02050_seed_500_crop.jpeg,2.789094e-05,2.462302e-05
aN_499_rp_02050_seed_501_crop.jpeg,2.423204e-05,2.497293e-05
aN_499_rp_02050_seed_502_crop.jpeg,2.621659e-05,2.497240e-05
aN_499_rp_02050_seed_503_crop.jpeg,2.641777e-05,2.906490e-05
aN_499_rp_02050_seed_504_crop.jpeg,2.577614e-05,2.959559e-05
aN_499_rp_02225_seed_500_crop.jpeg,1.517957e-05,1.506167e-05
aN_499_rp_02225_seed_501_crop.jpeg,1.551972e-05,1.461308e-05
aN_499_rp_02225_seed_502_crop.jpeg,1.380532e-05,1.595067e-05
aN_499_rp_02225_seed_503_crop.jpeg,1.727937e-05,1.650234e-05
aN_499_rp_02225_seed_504_crop.jpeg,1.443294e-05,1.681330e-05
aN_499_rp_02400_seed_500_crop.jpeg,8.127483e-06,8.506883e-06
aN_499_rp_02400_seed_501_crop.jpeg,7.892106e-06,8.538003e-06
aN_499_rp_02400_seed_502_crop.jpeg,7.278037e-06,7.449010e-06
aN_499_rp_02400_seed_503_crop.jpeg,8.868168e-06,9.095143e-06
aN_499_rp_02400_seed_504_crop.jpeg,7.388272e-06,9.279572e-06
aN_500_rp_01700_seed_500_crop.jpeg,6.408950e-05,6.612117e-05
aN_500_rp_01700_seed_501_crop.jpeg,6.143869e-05,6.914877e-05
aN_500_rp_01700_seed_502_crop.jpeg,6.417889e-05,6.161696e-05
aN_500_rp_01700_seed_503_crop.jpeg,6.798041e-05,6.869209e-05
aN_500_rp_01700_seed_504_crop.jpeg,6.154253e-05,6.529813e-05
aN_500_rp_01875_seed_500_crop.jpeg,4.411807e-05,4.102563e-05
aN_500_rp_01875_seed_501_crop.jpeg,4.159208e-05,4.110098e-05
aN_500_rp_01875_seed_502_crop.jpeg,4.212296e-05,4.032247e-05
aN_500_rp_01875_seed_503_crop.jpeg,4.226262e-05,4.263111e-05
aN_500_rp_01875_seed_504_crop.jpeg,3.889143e-05,4.095370e-05
aN_500_rp_02050_seed_500_crop.jpeg,2.700316e-05,2.486191e-05
aN_500_rp_02050_seed_501_crop.jpeg,2.412193e-05,2.460497e-05
aN_500_rp_02050_seed_502_crop.jpeg,2.615343e-05,2.464151e-05
aN_500_rp_02050_seed_503_crop.jpeg,2.637465e-05,2.907161e-05
aN_500_rp_02050_seed_504_crop.jpeg,2.564391e-05,2.932109e-05
aN_500_rp_02225_seed_500_crop.jpeg,1.503442e-05,1.501478e-05
aN_500_rp_02225_seed_501_crop.jpeg,1.548610e-05,1.460252e-05
aN_500_rp_02225_seed_502_crop.jpeg,1.362354e-05,1.589283e-05
aN_500_rp_02225_seed_503_crop.jpeg,1.717288e-05,1.616500e-05
aN_500_rp_02225_seed_504_crop.jpeg,1.412691e-05,1.690681e-05
aN_500_rp_02400_seed_500_crop.jpeg,8.098539e-06,8.389481e-06
aN_500_rp_02400_seed_501_crop.jpeg,7.844820e-06,8.461000e-06
aN_500_rp_02400_seed_502_crop.jpeg,7.237958e-06,6.922541e-06
aN_500_rp_02400_seed_503_crop.jpeg,8.834162e-06,9.020303e-06
aN_500_rp_02400_seed_504_crop.jpeg,7.315672e-06,9.190891e-06
aN_501_rp_01700_seed_500_crop.jpeg,6.403164e-05,6.619550e-05
aN_501_rp_01700_seed_501_crop.jpeg,6.065527e-05,6.742266e-05
aN_501_rp_01700_seed_502_crop.jpeg,6.352720e-05,6.080317e-05
aN_501_rp_01700_seed_503_crop.jpeg,6.780838e-05,6.891815e-05
aN_501_rp_01700_seed_504_crop.jpeg,6.149798e-05,6.530691e-05
aN_501_rp_01875_seed_500_crop.jpeg,4.401435e-05,4.094823e-05
aN_501_rp_01875_seed_501_crop.jpeg,4.138700e-05,4.083709e-05
aN_501_rp_01875_seed_502_crop.jpeg,4.205058e-05,4.034993e-05
aN_501_rp_01875_seed_503_crop.jpeg,4.206047e-05,4.239385e-05
aN_501_rp_01875_seed_504_crop.jpeg,3.863139e-05,4.103459e-05
aN_501_rp_02050_seed_500_crop.jpeg,2.691392e-05,2.471063e-05
aN_501_rp_02050_seed_501_crop.jpeg,2.409338e-05,2.495226e-05
aN_501_rp_02050_seed_502_crop.jpeg,2.591069e-05,2.484484e-05
aN_501_rp_02050_seed_503_crop.jpeg,2.600432e-05,2.900750e-05
aN_501_rp_02050_seed_504_crop.jpeg,2.535089e-05,2.862308e-05
aN_501_rp_02225_seed_500_crop.jpeg,1.486615e-05,1.473892e-05
aN_501_rp_02225_seed_501_crop.jpeg,1.546478e-05,1.460883e-05
aN_501_rp_02225_seed_502_crop.jpeg,1.347214e-05,1.570655e-05
aN_501_rp_02225_seed_503_crop.jpeg,1.634612e-05,1.539477e-05
aN_501_rp_02225_seed_504_crop.jpeg,1.409870e-05,1.668729e-05
aN_501_rp_02400_seed_500_crop.jpeg,8.016032e-06,8.403551e-06
aN_501_rp_02400_seed_501_crop.jpeg,7.747446e-06,8.397134e-06
aN_501_rp_02400_seed_502_crop.jpeg,7.222715e-06,6.941229e-06
aN_501_rp_02400_seed_503_crop.jpeg,8.737394e-06,9.008594e-06
aN_501_rp_02400_seed_504_crop.jpeg,7.186586e-06,8.893415e-06
aN_502_rp_01700_seed_500_crop.jpeg,6.377748e-05,6.625758e-05
aN_502_rp_01700_seed_501_crop.jpeg,6.029563e-05,6.725646e-05
aN_502_rp_01700_seed_502_crop.jpeg,6.336468e-05,6.074887e-05
aN_502_rp_01700_seed_503_crop.jpeg,6.662683e-05,6.833925e-05
aN_502_rp_01700_seed_504_crop.jpeg,6.120223e-05,6.345811e-05
aN_502_rp_01875_seed_500_crop.jpeg,4.355091e-05,4.108671e-05
aN_502_rp_01875_seed_501_crop.jpeg,4.133132e-05,4.077980e-05
aN_502_rp_01875_seed_502_crop.jpeg,4.174719e-05,3.946115e-05
aN_502_rp_01875_seed_503_crop.jpeg,4.201707e-05,4.248872e-05
aN_502_rp_01875_seed_504_crop.jpeg,3.852489e-05,4.098555e-05
aN_502_rp_02050_seed_500_crop.jpeg,2.637758e-05,2.513948e-05
aN_502_rp_02050_seed_501_crop.jpeg,2.378471e-05,2.488140e-05
aN_502_rp_02050_seed_502_crop.jpeg,2.566658e-05,2.477422e-05
aN_502_rp_02050_seed_503_crop.jpeg,2.597646e-05,2.888389e-05
aN_502_rp_02050_seed_504_crop.jpeg,2.527074e-05,2.860687e-05
aN_502_rp_02225_seed_500_crop.jpeg,1.483180e-05,1.468675e-05
aN_502_rp_02225_seed_501_crop.jpeg,1.540901e-05,1.458952e-05
aN_502_rp_02225_seed_502_crop.jpeg,1.340402e-05,1.564179e-05
aN_502_rp_02225_seed_503_crop.jpeg,1.614567e-05,1.539430e-05
aN_502_rp_02225_seed_504_crop.jpeg,1.368895e-05,1.664174e-05
aN_502_rp_02400_seed_500_crop.jpeg,7.881551e-06,8.120771e-06
aN_502_rp_02400_seed_501_crop.jpeg,7.712958e-06,8.391570e-06
aN_502_rp_02400_seed_502_crop.jpeg,7.206833e-06,7.156433e-06
aN_502_rp_02400_seed_503_crop.jpeg,8.688245e-06,9.047028e-06
aN_502_rp_02400_seed_504_crop.jpeg,7.103224e-06,8.945924e-06
aN_503_rp_01700_seed_500_crop.jpeg,6.363819e-05,6.580300e-05
aN_503_rp_01700_seed_501_crop.jpeg,6.004501e-05,6.728045e-05
aN_503_rp_01700_seed_502_crop.jpeg,6.324630e-05,6.107044e-05
aN_503_rp_01700_seed_503_crop.jpeg,6.646887e-05,6.755357e-05
aN_503_rp_01700_seed_504_crop.jpeg,6.103682e-05,6.316840e-05
aN_503_rp_01875_seed_500_crop.jpeg,4.322876e-05,4.126936e-05
aN_503_rp_01875_seed_501_crop.jpeg,4.128175e-05,4.078956e-05
aN_503_rp_01875_seed_502_crop.jpeg,4.154275e-05,3.972656e-05
aN_503_rp_01875_seed_503_crop.jpeg,4.159823e-05,4.242313e-05
aN_503_rp_01875_seed_504_crop.jpeg,3.849332e-05,4.067396e-05
aN_503_rp_02050_seed_500_crop.jpeg,2.616007e-05,2.504601e-05
aN_503_rp_02050_seed_501_crop.jpeg,2.353854e-05,2.499904e-05
aN_503_rp_02050_seed_502_crop.jpeg,2.563738e-05,2.476652e-05
aN_503_rp_02050_seed_503_crop.jpeg,2.582190e-05,2.929605e-05
aN_503_rp_02050_seed_504_crop.jpeg,2.483390e-05,2.857287e-05
aN_503_rp_02225_seed_500_crop.jpeg,1.478291e-05,1.438021e-05
aN_503_rp_02225_seed_501_crop.jpeg,1.504061e-05,1.447965e-05
aN_503_rp_02225_seed_502_crop.jpeg,1.337423e-05,1.564869e-05
aN_503_rp_02225_seed_503_crop.jpeg,1.609223e-05,1.543993e-05
aN_503_rp_02225_seed_504_crop.jpeg,1.364777e-05,1.668922e-05
aN_503_rp_02400_seed_500_crop.jpeg,7.807317e-06,8.441140e-06
aN_503_rp_02400_seed_501_crop.jpeg,7.704842e-06,8.260210e-06
aN_503_rp_02400_seed_502_crop.jpeg,7.130648e-06,7.064079e-06
aN_503_rp_02400_seed_503_crop.jpeg,8.661127e-06,8.936230e-06
aN_503_rp_02400_seed_504_crop.jpeg,6.976376e-06,8.752982e-06
aN_504_rp_01700_seed_500_crop.jpeg,6.317284e-05,6.598820e-05
aN_504_rp_01700_seed_501_crop.jpeg,5.987502e-05,6.774338e-05
aN_504_rp_01700_seed_502_crop.jpeg,6.314166e-05,6.063669e-05
aN_504_rp_01700_seed_503_crop.jpeg,6.616296e-05,6.748339e-05
aN_504_rp_01700_seed_504_crop.jpeg,6.052105e-05,6.283518e-05
aN_504_rp_01875_seed_500_crop.jpeg,4.171522e-05,4.076561e-05
aN_504_rp_01875_seed_501_crop.jpeg,3.991950e-05,4.057068e-05
aN_504_rp_01875_seed_502_crop.jpeg,4.147754e-05,3.969376e-05
aN_504_rp_01875_seed_503_crop.jpeg,4.126560e-05,4.193245e-05
aN_504_rp_01875_seed_504_crop.jpeg,3.801375e-05,4.060544e-05
aN_504_rp_02050_seed_500_crop.jpeg,2.591230e-05,2.451582e-05
aN_504_rp_02050_seed_501_crop.jpeg,2.347877e-05,2.450292e-05
aN_504_rp_02050_seed_502_crop.jpeg,2.530953e-05,2.469489e-05
aN_504_rp_02050_seed_503_crop.jpeg,2.461444e-05,2.829518e-05
aN_504_rp_02050_seed_504_crop.jpeg,2.464043e-05,2.870060e-05
aN_504_rp_02225_seed_500_crop.jpeg,1.456973e-05,1.427677e-05
aN_504_rp_02225_seed_501_crop.jpeg,1.473540e-05,1.425028e-05
aN_504_rp_02225_seed_502_crop.jpeg,1.320151e-05,1.570456e-05
aN_504_rp_02225_seed_503_crop.jpeg,1.599532e-05,1.514243e-05
aN_504_rp_02225_seed_504_crop.jpeg,1.364629e-05,1.642939e-05
aN_504_rp_02400_seed_500_crop.jpeg,7.773080e-06,8.246530e-06
aN_504_rp_02400_seed_501_crop.jpeg,7.234999e-06,7.682185e-06
aN_504_rp_02400_seed_502_crop.jpeg,7.094719e-06,7.109638e-06
aN_504_rp_02400_seed_503_crop.jpeg,8.474745e-06,8.962543e-06
aN_504_rp_02400_seed_504_crop.jpeg,6.939035e-06,8.729880e-06
aN_505_rp_01700_seed_500_crop.jpeg,6.295322e-05,6.506087e-05
aN_505_rp_01700_seed_501_crop.jpeg,5.961432e-05,6.750958e-05
aN_505_rp_01700_seed_502_crop.jpeg,6.220609e-05,6.023290e-05
aN_505_rp_01700_seed_503_crop.jpeg,6.600217e-05,6.635718e-05
aN_505_rp_01700_seed_504_crop.jpeg,6.008560e-05,6.285166e-05
aN_505_rp_01875_seed_500_crop.jpeg,4.153713e-05,4.047928e-05
aN_505_rp_01875_seed_501_crop.jpeg,3.990464e-05,4.057857e-05
aN_505_rp_01875_seed_502_crop.jpeg,4.098033e-05,3.867776e-05
aN_505_rp_01875_seed_503_crop.jpeg,4.096244e-05,4.196713e-05
aN_505_rp_01875_seed_504_crop.jpeg,3.785036e-05,4.040815e-05
aN_505_rp_02050_seed_500_crop.jpeg,2.585423e-05,2.461818e-05
aN_505_rp_02050_seed_501_crop.jpeg,2.340075e-05,2.464120e-05
aN_505_rp_02050_seed_502_crop.jpeg,2.499214e-05,2.474173e-05
aN_505_rp_02050_seed_503_crop.jpeg,2.457345e-05,2.831250e-05
aN_505_rp_02050_seed_504_crop.jpeg,2.461135e-05,2.868271e-05
aN_505_rp_02225_seed_500_crop.jpeg,1.454163e-05,1.428655e-05
aN_505_rp_02225_seed_501_crop.jpeg,1.422984e-05,1.414275e-05
aN_505_rp_02225_seed_502_crop.jpeg,1.315708e-05,1.572921e-05
aN_505_rp_02225_seed_503_crop.jpeg,1.591659e-05,1.523440e-05
aN_505_rp_02225_seed_504_crop.jpeg,1.361544e-05,1.644598e-05
aN_505_rp_02400_seed_500_crop.jpeg,7.736741e-06,8.229913e-06
aN_505_rp_02400_seed_501_crop.jpeg,7.205306e-06,7.596436e-06
aN_505_rp_02400_seed_502_crop.jpeg,7.024984e-06,7.087853e-06
aN_505_rp_02400_seed_503_crop.jpeg,8.212532e-06,8.293093e-06
aN_505_rp_02400_seed_504_crop.jpeg,6.876719e-06,8.489904e-06
aN_506_rp_01700_seed_500_crop.jpeg,6.262327e-05,6.548778e-05
aN_506_rp_01700_seed_501_crop.jpeg,5.939289e-05,6.714520e-05
aN_506_rp_01700_seed_502_crop.jpeg,6.178586e-05,6.046945e-05
aN_506_rp_01700_seed_503_crop.jpeg,6.571218e-05,6.603339e-05
aN_506_rp_01700_seed_504_crop.jpeg,6.006423e-05,6.248686e-05
aN_506_rp_01875_seed_500_crop.jpeg,4.146561e-05,4.068878e-05
aN_506_rp_01875_seed_501_crop.jpeg,3.985047e-05,4.067858e-05
aN_506_rp_01875_seed_502_crop.jpeg,4.037044e-05,3.978567e-05
aN_506_rp_01875_seed_503_crop.jpeg,4.078211e-05,4.153702e-05
aN_506_rp_01875_seed_504_crop.jpeg,3.740973e-05,3.975571e-05
aN_506_rp_02050_seed_500_crop.jpeg,2.584168e-05,2.448932e-05
aN_506_rp_02050_seed_501_crop.jpeg,2.337330e-05,2.472713e-05
aN_506_rp_02050_seed_502_crop.jpeg,2.494820e-05,2.468253e-05
aN_506_rp_02050_seed_503_crop.jpeg,2.431086e-05,2.820963e-05
aN_506_rp_02050_seed_504_crop.jpeg,2.450935e-05,2.867133e-05
aN_506_rp_02225_seed_500_crop.jpeg,1.451130e-05,1.423688e-05
aN_506_rp_02225_seed_501_crop.jpeg,1.414920e-05,1.401345e-05
aN_506_rp_02225_seed_502_crop.jpeg,1.310835e-05,1.577685e-05
aN_506_rp_02225_seed_503_crop.jpeg,1.588239e-05,1.477752e-05
aN_506_rp_02225_seed_504_crop.jpeg,1.355145e-05,1.644320e-05
aN_506_rp_02400_seed_500_crop.jpeg,7.677605e-06,8.058420e-06
aN_506_rp_02400_seed_501_crop.jpeg,7.137634e-06,7.665485e-06
aN_506_rp_02400_seed_502_crop.jpeg,6.997696e-06,6.890687e-06
aN_506_rp_02400_seed_503_crop.jpeg,8.128409e-06,8.281444e-06
aN_506_rp_02400_seed_504_crop.jpeg,6.854938e-06,8.508984e-06
aN_507_rp_01700_seed_500_crop.jpeg,6.237992e-05,6.489146e-05
aN_507_rp_01700_seed_501_crop.jpeg,5.931403e-05,6.699323e-05
aN_507_rp_01700_seed_502_crop.jpeg,6.172642e-05,5.998051e-05
aN_507_rp_01700_seed_503_crop.jpeg,6.546286e-05,6.582289e-05
aN_507_rp_01700_seed_504_crop.jpeg,5.960877e-05,6.350696e-05
aN_507_rp_01875_seed_500_crop.jpeg,4.128114e-05,3.971315e-05
aN_507_rp_01875_seed_501_crop.jpeg,3.948057e-05,4.000898e-05
aN_507_rp_01875_seed_502_crop.jpeg,3.995934e-05,3.909880e-05
aN_507_rp_01875_seed_503_crop.jpeg,4.066478e-05,4.165166e-05
aN_507_rp_01875_seed_504_crop.jpeg,3.714425e-05,3.927414e-05
aN_507_rp_02050_seed_500_crop.jpeg,2.555426e-05,2.472104e-05
aN_507_rp_02050_seed_501_crop.jpeg,2.330902e-05,2.438934e-05
aN_507_rp_02050_seed_502_crop.jpeg,2.488219e-05,2.471157e-05
aN_507_rp_02050_seed_503_crop.jpeg,2.422752e-05,2.825866e-05
aN_507_rp_02050_seed_504_crop.jpeg,2.402664e-05,2.790457e-05
aN_507_rp_02225_seed_500_crop.jpeg,1.414555e-05,1.362328e-05
aN_507_rp_02225_seed_501_crop.jpeg,1.405973e-05,1.379293e-05
aN_507_rp_02225_seed_502_crop.jpeg,1.309227e-05,1.544976e-05
aN_507_rp_02225_seed_503_crop.jpeg,1.573894e-05,1.446524e-05
aN_507_rp_02225_seed_504_crop.jpeg,1.341421e-05,1.628858e-05
aN_507_rp_02400_seed_500_crop.jpeg,7.559007e-06,7.724972e-06
aN_507_rp_02400_seed_501_crop.jpeg,7.110001e-06,7.652403e-06
aN_507_rp_02400_seed_502_crop.jpeg,6.961746e-06,6.866756e-06
aN_507_rp_02400_seed_503_crop.jpeg,8.002223e-06,7.871708e-06
aN_507_rp_02400_seed_504_crop.jpeg,6.777861e-06,8.567695e-06
aN_508_rp_01700_seed_500_crop.jpeg,6.223416e-05,6.513655e-05
aN_508_rp_01700_seed_501_crop.jpeg,5.930471e-05,6.705446e-05
aN_508_rp_01700_seed_502_crop.jpeg,6.144402e-05,5.989128e-05
aN_508_rp_01700_seed_503_crop.jpeg,6.494622e-05,6.563853e-05
aN_508_rp_01700_seed_504_crop.jpeg,5.953018e-05,6.209472e-05
aN_508_rp_01875_seed_500_crop.jpeg,4.108120e-05,3.966039e-05
aN_508_rp_01875_seed_501_crop.jpeg,3.926991e-05,3.930367e-05
aN_508_rp_01875_seed_502_crop.jpeg,3.980001e-05,3.900781e-05
aN_508_rp_01875_seed_503_crop.jpeg,4.035868e-05,4.171161e-05
aN_508_rp_01875_seed_504_crop.jpeg,3.694072e-05,3.934736e-05
aN_508_rp_02050_seed_500_crop.jpeg,2.547633e-05,2.444567e-05
aN_508_rp_02050_seed_501_crop.jpeg,2.329070e-05,2.422602e-05
aN_508_rp_02050_seed_502_crop.jpeg,2.470390e-05,2.458475e-05
aN_508_rp_02050_seed_503_crop.jpeg,2.397973e-05,2.798238e-05
aN_508_rp_02050_seed_504_crop.jpeg,2.369667e-05,2.800874e-05
aN_508_rp_02225_seed_500_crop.jpeg,1.410993e-05,1.362532e-05
aN_508_rp_02225_seed_501_crop.jpeg,1.381794e-05,1.370706e-05
aN_508_rp_02225_seed_502_crop.jpeg,1.307006e-05,1.521551e-05
aN_508_rp_02225_seed_503_crop.jpeg,1.565581e-05,1.394369e-05
aN_508_rp_02225_seed_504_crop.jpeg,1.330651e-05,1.600033e-05
aN_508_rp_02400_seed_500_crop.jpeg,7.522340e-06,7.767938e-06
aN_508_rp_02400_seed_501_crop.jpeg,6.957594e-06,7.666888e-06
aN_508_rp_02400_seed_502_crop.jpeg,6.881389e-06,6.746559e-06
aN_508_rp_02400_seed_503_crop.jpeg,7.992722e-06,7.863770e-06
aN_508_rp_02400_seed_504_crop.jpeg,6.734975e-06,8.588358e-06
aN_509_rp_01700_seed_500_crop.jpeg,6.203228e-05,6.467392e-05
aN_509_rp_01700_seed_501_crop.jpeg,5.898622e-05,6.731549e-05
aN_509_rp_01700_seed_502_crop.jpeg,6.112926e-05,5.977089e-05
aN_509_rp_01700_seed_503_crop.jpeg,6.456677e-05,6.415007e-05
aN_509_rp_01700_seed_504_crop.jpeg,5.859206e-05,6.226372e-05
aN_509_rp_01875_seed_500_crop.jpeg,4.077872e-05,3.970966e-05
aN_509_rp_01875_seed_501_crop.jpeg,3.922743e-05,3.945840e-05
aN_509_rp_01875_seed_502_crop.jpeg,3.966419e-05,3.888565e-05
aN_509_rp_01875_seed_503_crop.jpeg,3.961226e-05,4.160117e-05
aN_509_rp_01875_seed_504_crop.jpeg,3.691377e-05,3.934582e-05
aN_509_rp_02050_seed_500_crop.jpeg,2.491655e-05,2.449640e-05
aN_509_rp_02050_seed_501_crop.jpeg,2.327672e-05,2.455141e-05
aN_509_rp_02050_seed_502_crop.jpeg,2.443011e-05,2.455483e-05
aN_509_rp_02050_seed_503_crop.jpeg,2.366299e-05,2.802079e-05
aN_509_rp_02050_seed_504_crop.jpeg,2.364400e-05,2.782108e-05
aN_509_rp_02225_seed_500_crop.jpeg,1.406480e-05,1.365215e-05
aN_509_rp_02225_seed_501_crop.jpeg,1.376653e-05,1.371678e-05
aN_509_rp_02225_seed_502_crop.jpeg,1.305047e-05,1.525169e-05
aN_509_rp_02225_seed_503_crop.jpeg,1.562032e-05,1.379445e-05
aN_509_rp_02225_seed_504_crop.jpeg,1.321458e-05,1.598811e-05
aN_509_rp_02400_seed_500_crop.jpeg,7.500222e-06,7.712200e-06
aN_509_rp_02400_seed_501_crop.jpeg,6.950416e-06,7.668878e-06
aN_509_rp_02400_seed_502_crop.jpeg,6.846369e-06,6.676881e-06
aN_509_rp_02400_seed_503_crop.jpeg,7.976897e-06,7.787869e-06
aN_509_rp_02400_seed_504_crop.jpeg,6.560199e-06,8.382236e-06
