"epoch","MLP_Dend_Base - _step","MLP_Dend_Base - _step__MIN","MLP_Dend_Base - _step__MAX","MLP_Dend_Base - train_loss_epoch","MLP_Dend_Base - train_loss_epoch__MIN","MLP_Dend_Base - train_loss_epoch__MAX","MLP_Dend_Base - val_loss_epoch","MLP_Dend_Base - val_loss_epoch__MIN","MLP_Dend_Base - val_loss_epoch__MAX"
"0","302.5","302","303","25.154075622558594","25.154075622558594","25.154075622558594","0.4271466135978699","0.4271466135978699","0.4271466135978699"
"1","606.5","606","607","1.1855546236038208","1.1855546236038208","1.1855546236038208","0.24780957400798798","0.24780957400798798","0.24780957400798798"
"2","910.5","910","911","0.8742954134941101","0.8742954134941101","0.8742954134941101","0.4660922884941101","0.4660922884941101","0.4660922884941101"
"3","1214.5","1214","1215","0.6618356108665466","0.6618356108665466","0.6618356108665466","0.2971378564834595","0.2971378564834595","0.2971378564834595"
"4","1518.5","1518","1519","0.6079803705215454","0.6079803705215454","0.6079803705215454","0.09205607324838638","0.09205607324838638","0.09205607324838638"
"5","1822.5","1822","1823","0.5660918951034546","0.5660918951034546","0.5660918951034546","0.18092143535614014","0.18092143535614014","0.18092143535614014"
"6","2126.5","2126","2127","0.5101153254508972","0.5101153254508972","0.5101153254508972","0.13104556500911713","0.13104556500911713","0.13104556500911713"
"7","2430.5","2430","2431","0.38695308566093445","0.38695308566093445","0.38695308566093445","0.1999634951353073","0.1999634951353073","0.1999634951353073"
"8","2734.5","2734","2735","0.3813166618347168","0.3813166618347168","0.3813166618347168","0.07731454074382782","0.07731454074382782","0.07731454074382782"
"9","3038.5","3038","3039","0.4033832252025604","0.4033832252025604","0.4033832252025604","0.059177860617637634","0.059177860617637634","0.059177860617637634"
"10","3342.5","3342","3343","0.32354217767715454","0.32354217767715454","0.32354217767715454","0.059798482805490494","0.059798482805490494","0.059798482805490494"
"11","3646.5","3646","3647","0.283481240272522","0.283481240272522","0.283481240272522","0.14291763305664062","0.14291763305664062","0.14291763305664062"
"12","3950.5","3950","3951","0.27882909774780273","0.27882909774780273","0.27882909774780273","0.03944947570562363","0.03944947570562363","0.03944947570562363"
"13","4254.5","4254","4255","0.23018516600131989","0.23018516600131989","0.23018516600131989","0.09163989126682281","0.09163989126682281","0.09163989126682281"
"14","4558.5","4558","4559","0.22855938971042633","0.22855938971042633","0.22855938971042633","0.10112441331148148","0.10112441331148148","0.10112441331148148"
"15","4862.5","4862","4863","0.22047607600688934","0.22047607600688934","0.22047607600688934","0.08603242039680481","0.08603242039680481","0.08603242039680481"
"16","5166.5","5166","5167","0.20951049029827118","0.20951049029827118","0.20951049029827118","0.04003358632326126","0.04003358632326126","0.04003358632326126"
"17","5470.5","5470","5471","0.15907664597034454","0.15907664597034454","0.15907664597034454","0.03487149626016617","0.03487149626016617","0.03487149626016617"
"18","5774.5","5774","5775","0.1642138659954071","0.1642138659954071","0.1642138659954071","0.05548335239291191","0.05548335239291191","0.05548335239291191"
"19","6078.5","6078","6079","0.14894995093345642","0.14894995093345642","0.14894995093345642","0.0878431648015976","0.0878431648015976","0.0878431648015976"
"20","6382.5","6382","6383","0.1609850972890854","0.1609850972890854","0.1609850972890854","0.029117990285158157","0.029117990285158157","0.029117990285158157"
"21","6686.5","6686","6687","0.1180865541100502","0.1180865541100502","0.1180865541100502","0.057023949921131134","0.057023949921131134","0.057023949921131134"
"22","6990.5","6990","6991","0.10707082599401474","0.10707082599401474","0.10707082599401474","0.02653329446911812","0.02653329446911812","0.02653329446911812"
"23","7294.5","7294","7295","0.11383016407489777","0.11383016407489777","0.11383016407489777","0.03182680904865265","0.03182680904865265","0.03182680904865265"
"24","7598.5","7598","7599","0.10811121016740799","0.10811121016740799","0.10811121016740799","0.020655665546655655","0.020655665546655655","0.020655665546655655"
"25","7902.5","7902","7903","0.08642532676458359","0.08642532676458359","0.08642532676458359","0.046181365847587585","0.046181365847587585","0.046181365847587585"
"26","8206.5","8206","8207","0.08361143618822098","0.08361143618822098","0.08361143618822098","0.031213492155075073","0.031213492155075073","0.031213492155075073"
"27","8510.5","8510","8511","0.0803379938006401","0.0803379938006401","0.0803379938006401","0.017581775784492493","0.017581775784492493","0.017581775784492493"
"28","8814.5","8814","8815","0.068560890853405","0.068560890853405","0.068560890853405","0.01919538527727127","0.01919538527727127","0.01919538527727127"
"29","9118.5","9118","9119","0.07413212954998016","0.07413212954998016","0.07413212954998016","0.02516063116490841","0.02516063116490841","0.02516063116490841"
"30","9422.5","9422","9423","0.05925482138991356","0.05925482138991356","0.05925482138991356","0.018596669659018517","0.018596669659018517","0.018596669659018517"
"31","9726.5","9726","9727","0.06279725581407547","0.06279725581407547","0.06279725581407547","0.011820969171822071","0.011820969171822071","0.011820969171822071"
"32","10030.5","10030","10031","0.05236508697271347","0.05236508697271347","0.05236508697271347","0.020765187218785286","0.020765187218785286","0.020765187218785286"
"33","10334.5","10334","10335","0.058497097343206406","0.058497097343206406","0.058497097343206406","0.012105723842978477","0.012105723842978477","0.012105723842978477"
"34","10638.5","10638","10639","0.04305081441998482","0.04305081441998482","0.04305081441998482","0.022948306053876877","0.022948306053876877","0.022948306053876877"
"35","10942.5","10942","10943","0.04367358982563019","0.04367358982563019","0.04367358982563019","0.013675525784492493","0.013675525784492493","0.013675525784492493"
"36","11246.5","11246","11247","0.04315932095050812","0.04315932095050812","0.04315932095050812","0.014821846038103104","0.014821846038103104","0.014821846038103104"
"37","11550.5","11550","11551","0.03697533532977104","0.03697533532977104","0.03697533532977104","0.01494596991688013","0.01494596991688013","0.01494596991688013"
"38","11854.5","11854","11855","0.03330616280436516","0.03330616280436516","0.03330616280436516","0.01466851681470871","0.01466851681470871","0.01466851681470871"
"39","12158.5","12158","12159","0.03689053654670715","0.03689053654670715","0.03689053654670715","0.02067757025361061","0.02067757025361061","0.02067757025361061"
"40","12462.5","12462","12463","0.03184177353978157","0.03184177353978157","0.03184177353978157","0.03628796711564064","0.03628796711564064","0.03628796711564064"
"41","12766.5","12766","12767","0.030606253072619438","0.030606253072619438","0.030606253072619438","0.021845795214176178","0.021845795214176178","0.021845795214176178"
"42","13070.5","13070","13071","0.029016945511102676","0.029016945511102676","0.029016945511102676","0.022758468985557556","0.022758468985557556","0.022758468985557556"
"43","13374.5","13374","13375","0.021981319412589073","0.021981319412589073","0.021981319412589073","0.005476051475852728","0.005476051475852728","0.005476051475852728"
"44","13678.5","13678","13679","0.018834616988897324","0.018834616988897324","0.018834616988897324","0.0073744161054492","0.0073744161054492","0.0073744161054492"
"45","13982.5","13982","13983","0.019144637510180473","0.019144637510180473","0.019144637510180473","0.00451956782490015","0.00451956782490015","0.00451956782490015"
"46","14286.5","14286","14287","0.020054636523127556","0.020054636523127556","0.020054636523127556","0.0057389019057154655","0.0057389019057154655","0.0057389019057154655"
"47","14590.5","14590","14591","0.019193874672055244","0.019193874672055244","0.019193874672055244","0.005607476457953453","0.005607476457953453","0.005607476457953453"
"48","14894.5","14894","14895","0.018617603927850723","0.018617603927850723","0.018617603927850723","0.004264018498361111","0.004264018498361111","0.004264018498361111"
"49","15198.5","15198","15199","0.018435237929224968","0.018435237929224968","0.018435237929224968","0.004928446374833584","0.004928446374833584","0.004928446374833584"
"50","15502.5","15502","15503","0.018331291154026985","0.018331291154026985","0.018331291154026985","0.005848423112183809","0.005848423112183809","0.005848423112183809"
"51","15806.5","15806","15807","0.017788756638765335","0.017788756638765335","0.017788756638765335","0.007629964966326952","0.007629964966326952","0.007629964966326952"
"52","16110.5","16110","16111","0.01805136166512966","0.01805136166512966","0.01805136166512966","0.003650700906291604","0.003650700906291604","0.003650700906291604"
"53","16414.5","16414","16415","0.017419468611478806","0.017419468611478806","0.017419468611478806","0.005154789891093969","0.005154789891093969","0.005154789891093969"
"54","16718.5","16718","16719","0.016574207693338394","0.016574207693338394","0.016574207693338394","0.005089077167212963","0.005089077167212963","0.005089077167212963"
"55","17022.5","17022","17023","0.01785714365541935","0.01785714365541935","0.01785714365541935","0.005381133407354355","0.005381133407354355","0.005381133407354355"
"56","17326.5","17326","17327","0.01794467866420746","0.01794467866420746","0.01794467866420746","0.004891939461231232","0.004891939461231232","0.004891939461231232"
"57","17630.5","17630","17631","0.01679030992090702","0.01679030992090702","0.01679030992090702","0.004096086602658033","0.004096086602658033","0.004096086602658033"
"58","17934.5","17934","17935","0.01712130196392536","0.01712130196392536","0.01712130196392536","0.004439252428710461","0.004439252428710461","0.004439252428710461"
"59","18238.5","18238","18239","0.01766839623451233","0.01766839623451233","0.01766839623451233","0.008630257099866867","0.008630257099866867","0.008630257099866867"
"60","18542.5","18542","18543","0.01720610074698925","0.01720610074698925","0.01720610074698925","0.006746495142579079","0.006746495142579079","0.006746495142579079"
"61","18846.5","18846","18847","0.017474176362156868","0.017474176362156868","0.017474176362156868","0.0038843457587063313","0.0038843457587063313","0.0038843457587063313"
"62","19150.5","19150","19151","0.01682860590517521","0.01682860590517521","0.01682860590517521","0.006571261677891016","0.006571261677891016","0.006571261677891016"
"63","19454.5","19454","19455","0.01750335469841957","0.01750335469841957","0.01750335469841957","0.005768107250332832","0.005768107250332832","0.005768107250332832"
"64","19758.5","19758","19759","0.016307955607771873","0.016307955607771873","0.016307955607771873","0.004417348187416792","0.004417348187416792","0.004417348187416792"
"65","20062.5","20062","20063","0.014943867921829224","0.014943867921829224","0.014943867921829224","0.004191004671156406","0.004191004671156406","0.004191004671156406"
"66","20366.5","20366","20367","0.01607726514339447","0.01607726514339447","0.01607726514339447","0.004154497757554054","0.004154497757554054","0.004154497757554054"
"67","20670.5","20670","20671","0.017274487763643265","0.017274487763643265","0.017274487763643265","0.0038186332676559687","0.0038186332676559687","0.0038186332676559687"
"68","20974.5","20974","20975","0.015784569084644318","0.015784569084644318","0.015784569084644318","0.003431658959016204","0.003431658959016204","0.003431658959016204"
"69","21278.5","21278","21279","0.0156405009329319","0.0156405009329319","0.0156405009329319","0.005600175354629755","0.005600175354629755","0.005600175354629755"
"70","21582.5","21582","21583","0.014928366988897324","0.014928366988897324","0.014928366988897324","0.004745911341160536","0.004745911341160536","0.004745911341160536"
"71","21886.5","21886","21887","0.016558706760406494","0.016558706760406494","0.016558706760406494","0.00668078288435936","0.00668078288435936","0.00668078288435936"
"72","22190.5","22190","22191","0.014912866055965424","0.014912866055965424","0.014912866055965424","0.006483644712716341","0.006483644712716341","0.006483644712716341"
"73","22494.5","22494","22495","0.015890341252088547","0.015890341252088547","0.015890341252088547","0.004548773169517517","0.004548773169517517","0.004548773169517517"
"74","22798.5","22798","22799","0.01646478846669197","0.01646478846669197","0.01646478846669197","0.0077686915174126625","0.0077686915174126625","0.0077686915174126625"
"75","23102.5","23102","23103","0.01483171433210373","0.01483171433210373","0.01483171433210373","0.004884637892246246","0.004884637892246246","0.004884637892246246"
"76","23406.5","23406","23407","0.015156323090195656","0.015156323090195656","0.015156323090195656","0.008177570067346096","0.008177570067346096","0.008177570067346096"
"77","23710.5","23710","23711","0.015806453302502632","0.015806453302502632","0.015806453302502632","0.0056512849405407906","0.0056512849405407906","0.0056512849405407906"
"78","24014.5","24014","24015","0.015023197047412395","0.015023197047412395","0.015023197047412395","0.005410338751971722","0.005410338751971722","0.005410338751971722"
"79","24318.5","24318","24319","0.014706794172525406","0.014706794172525406","0.014706794172525406","0.0037675234489142895","0.0037675234489142895","0.0037675234489142895"
"80","24622.5","24622","24623","0.016493966802954674","0.016493966802954674","0.016493966802954674","0.004322430118918419","0.004322430118918419","0.004322430118918419"
"81","24926.5","24926","24927","0.01567423902451992","0.01567423902451992","0.01567423902451992","0.003891647094860673","0.003891647094860673","0.003891647094860673"
"82","25230.5","25230","25231","0.014686734415590763","0.014686734415590763","0.014686734415590763","0.006629672832787037","0.006629672832787037","0.006629672832787037"
"83","25534.5","25534","25535","0.015500991605222225","0.015500991605222225","0.015500991605222225","0.004789719823747873","0.004789719823747873","0.004789719823747873"
"84","25838.5","25838","25839","0.01613653264939785","0.01613653264939785","0.01613653264939785","0.006841413676738739","0.006841413676738739","0.006841413676738739"
"85","26142.5","26142","26143","0.015227445401251316","0.015227445401251316","0.015227445401251316","0.005132885649800301","0.005132885649800301","0.005132885649800301"
"86","26446.5","26446","26447","0.015316803939640522","0.015316803939640522","0.015316803939640522","0.00451956782490015","0.00451956782490015","0.00451956782490015"
"87","26750.5","26750","26751","0.01435118354856968","0.01435118354856968","0.01435118354856968","0.004161798860877752","0.004161798860877752","0.004161798860877752"
"88","27054.5","27054","27055","0.014628377743065357","0.014628377743065357","0.014628377743065357","0.003249123925343156","0.003249123925343156","0.003249123925343156"
"89","27358.5","27358","27359","0.016086382791399956","0.016086382791399956","0.016086382791399956","0.005264310631901026","0.005264310631901026","0.005264310631901026"
"90","27662.5","27662","27663","0.01598699390888214","0.01598699390888214","0.01598699390888214","0.006352219730615616","0.006352219730615616","0.006352219730615616"
"91","27966.5","27966","27967","0.015504639595746994","0.015504639595746994","0.015504639595746994","0.0067026871256530285","0.0067026871256530285","0.0067026871256530285"
"92","28270.5","28270","28271","0.015486402437090874","0.015486402437090874","0.015486402437090874","0.005753504578024149","0.005753504578024149","0.005753504578024149"
"93","28574.5","28574","28575","0.015314068645238876","0.015314068645238876","0.015314068645238876","0.0033878504764288664","0.0033878504764288664","0.0033878504764288664"
"94","28878.5","28878","28879","0.013905301690101624","0.013905301690101624","0.013905301690101624","0.004512266255915165","0.004512266255915165","0.004512266255915165"
"95","29182.5","29182","29183","0.01495572179555893","0.01495572179555893","0.01495572179555893","0.004957651719450951","0.004957651719450951","0.004957651719450951"
"96","29486.5","29486","29487","0.015948697924613953","0.015948697924613953","0.015948697924613953","0.004139895085245371","0.004139895085245371","0.004139895085245371"
"97","29790.5","29790","29791","0.014734148979187012","0.014734148979187012","0.014734148979187012","0.004731308203190565","0.004731308203190565","0.004731308203190565"
"98","30094.5","30094","30095","0.014771533198654652","0.014771533198654652","0.014771533198654652","0.0034243573900312185","0.0034243573900312185","0.0034243573900312185"
"99","30398.5","30398","30399","0.014423217624425888","0.014423217624425888","0.014423217624425888","0.006184287369251251","0.006184287369251251","0.006184287369251251"
"100","30702.5","30702","30703","0.01350774709135294","0.01350774709135294","0.01350774709135294","0.004621787462383509","0.004621787462383509","0.004621787462383509"
"101","31006.5","31006","31007","0.014203467406332493","0.014203467406332493","0.014203467406332493","0.0038989486638456583","0.0038989486638456583","0.0038989486638456583"
"102","31310.5","31310","31311","0.014722295105457306","0.014722295105457306","0.014722295105457306","0.003993866965174675","0.003993866965174675","0.003993866965174675"
"103","31614.5","31614","31615","0.01515997014939785","0.01515997014939785","0.01515997014939785","0.0037675234489142895","0.0037675234489142895","0.0037675234489142895"
"104","31918.5","31918","31919","0.013565191999077797","0.013565191999077797","0.013565191999077797","0.003738317871466279","0.003738317871466279","0.003738317871466279"
"105","32222.5","32222","32223","0.014887334778904915","0.014887334778904915","0.014887334778904915","0.004183703102171421","0.004183703102171421","0.004183703102171421"
"106","32526.5","32526","32527","0.01403478067368269","0.01403478067368269","0.01403478067368269","0.003409754717722535","0.003409754717722535","0.003409754717722535"
"107","32830.5","32830","32831","0.01547637302428484","0.01547637302428484","0.01547637302428484","0.003577686846256256","0.003577686846256256","0.003577686846256256"
"108","33134.5","33134","33135","0.01569429785013199","0.01569429785013199","0.01569429785013199","0.004877336323261261","0.004877336323261261","0.004877336323261261"
"109","33438.5","33438","33439","0.015557524748146534","0.015557524748146534","0.015557524748146534","0.00559287378564477","0.00559287378564477","0.00559287378564477"
"110","33742.5","33742","33743","0.015387926250696182","0.015387926250696182","0.015387926250696182","0.004716705530881882","0.004716705530881882","0.004716705530881882"
"111","34046.5","34046","34047","0.015580320730805397","0.015580320730805397","0.015580320730805397","0.012813960202038288","0.012813960202038288","0.012813960202038288"
"112","34350.5","34350","34351","0.015096142888069153","0.015096142888069153","0.015096142888069153","0.005570969544351101","0.005570969544351101","0.005570969544351101"
"113","34654.5","34654","34655","0.015533817932009697","0.015533817932009697","0.015533817932009697","0.005622079595923424","0.005622079595923424","0.005622079595923424"
"114","34958.5","34958","34959","0.016299748793244362","0.016299748793244362","0.016299748793244362","0.004103387705981731","0.004103387705981731","0.004103387705981731"
"115","35262.5","35262","35263","0.01512258592993021","0.01512258592993021","0.01512258592993021","0.005183995235711336","0.005183995235711336","0.005183995235711336"
"116","35566.5","35566","35567","0.014981253072619438","0.014981253072619438","0.014981253072619438","0.007330607622861862","0.007330607622861862","0.007330607622861862"
"117","35870.5","35870","35871","0.01566147245466709","0.01566147245466709","0.01566147245466709","0.006089369300752878","0.006089369300752878","0.006089369300752878"
"118","36174.5","36174","36175","0.014807094819843769","0.014807094819843769","0.014807094819843769","0.006374123971909285","0.006374123971909285","0.006374123971909285"
"119","36478.5","36478","36479","0.015179118141531944","0.015179118141531944","0.015179118141531944","0.007775993086397648","0.007775993086397648","0.007775993086397648"
"120","36782.5","36782","36783","0.015053287148475647","0.015053287148475647","0.015053287148475647","0.0038405372761189938","0.0038405372761189938","0.0038405372761189938"
"121","37086.5","37086","37087","0.014755120500922203","0.014755120500922203","0.014755120500922203","0.004607184790074825","0.004607184790074825","0.004607184790074825"
"122","37390.5","37390","37391","0.013934480026364326","0.013934480026364326","0.013934480026364326","0.005001460202038288","0.005001460202038288","0.005001460202038288"
"123","37694.5","37694","37695","0.014614700339734554","0.014614700339734554","0.014614700339734554","0.0039500584825873375","0.0039500584825873375","0.0039500584825873375"
"124","37998.5","37998","37999","0.015213767997920513","0.015213767997920513","0.015213767997920513","0.005052570253610611","0.005052570253610611","0.005052570253610611"
"125","38302.5","38302","38303","0.014664850197732449","0.014664850197732449","0.014664850197732449","0.005045268684625626","0.005045268684625626","0.005045268684625626"
"126","38606.5","38606","38607","0.014791593886911869","0.014791593886911869","0.014791593886911869","0.004658294375985861","0.004658294375985861","0.004658294375985861"
"127","38910.5","38910","38911","0.015675149857997894","0.015675149857997894","0.015675149857997894","0.006133177783340216","0.006133177783340216","0.006133177783340216"
"128","39214.5","39214","39215","0.015112555585801601","0.015112555585801601","0.015112555585801601","0.0038989486638456583","0.0038989486638456583","0.0038989486638456583"
"129","39518.5","39518","39519","0.014377625659108162","0.014377625659108162","0.014377625659108162","0.004439252428710461","0.004439252428710461","0.004439252428710461"
"130","39822.5","39822","39823","0.014211674220860004","0.014211674220860004","0.014211674220860004","0.0057973130606114864","0.0057973130606114864","0.0057973130606114864"
"131","40126.5","40126","40127","0.0146329365670681","0.0146329365670681","0.0146329365670681","0.0049211448058485985","0.0049211448058485985","0.0049211448058485985"
"132","40430.5","40430","40431","0.013887977227568626","0.013887977227568626","0.013887977227568626","0.0034900701139122248","0.0034900701139122248","0.0034900701139122248"
"133","40734.5","40734","40735","0.014589169062674046","0.014589169062674046","0.014589169062674046","0.005804614629596472","0.005804614629596472","0.005804614629596472"
"134","41038.5","41038","41039","0.015127144753932953","0.015127144753932953","0.015127144753932953","0.005570969544351101","0.005570969544351101","0.005570969544351101"
"135","41342.5","41342","41343","0.015393396839499474","0.015393396839499474","0.015393396839499474","0.005132885649800301","0.005132885649800301","0.005132885649800301"
"136","41646.5","41646","41647","0.015146292746067047","0.015146292746067047","0.015146292746067047","0.0041325935162603855","0.0041325935162603855","0.0041325935162603855"
"137","41950.5","41950","41951","0.014280973002314568","0.014280973002314568","0.014280973002314568","0.004322430118918419","0.004322430118918419","0.004322430118918419"
"138","42254.5","42254","42255","0.015058757737278938","0.015058757737278938","0.015058757737278938","0.006242698524147272","0.006242698524147272","0.006242698524147272"
"139","42558.5","42558","42559","0.014115020632743835","0.014115020632743835","0.014115020632743835","0.0031834112014621496","0.0031834112014621496","0.0031834112014621496"
"140","42862.5","42862","42863","0.014726853929460049","0.014726853929460049","0.014726853929460049","0.004643691703677177","0.004643691703677177","0.004643691703677177"
"141","43166.5","43166","43167","0.015351452864706516","0.015351452864706516","0.015351452864706516","0.00390625","0.00390625","0.00390625"
"142","43470.5","43470","43471","0.014804359525442123","0.014804359525442123","0.014804359525442123","0.005249707959592342","0.005249707959592342","0.005249707959592342"
"143","43774.5","43774","43775","0.014153317548334599","0.014153317548334599","0.014153317548334599","0.004154497757554054","0.004154497757554054","0.004154497757554054"
"144","44078.5","44078","44079","0.015318627469241619","0.015318627469241619","0.015318627469241619","0.003599591087549925","0.003599591087549925","0.003599591087549925"
"145","44382.5","44382","44383","0.014556343667209148","0.014556343667209148","0.014556343667209148","0.006155081558972597","0.006155081558972597","0.006155081558972597"
"146","44686.5","44686","44687","0.014799799770116806","0.014799799770116806","0.014799799770116806","0.00481892516836524","0.00481892516836524","0.00481892516836524"
"147","44990.5","44990","44991","0.01396912895143032","0.01396912895143032","0.01396912895143032","0.006761098280549049","0.006761098280549049","0.006761098280549049"
"148","45294.5","45294","45295","0.01335547212511301","0.01335547212511301","0.01335547212511301","0.0034243573900312185","0.0034243573900312185","0.0034243573900312185"
"149","45598.5","45598","45599","0.01637178286910057","0.01637178286910057","0.01637178286910057","0.004877336323261261","0.004877336323261261","0.004877336323261261"
"150","45902.5","45902","45903","0.015270301140844822","0.015270301140844822","0.015270301140844822","0.005351927597075701","0.005351927597075701","0.005351927597075701"
"151","46206.5","46206","46207","0.015045080333948135","0.015045080333948135","0.015045080333948135","0.003891647094860673","0.003891647094860673","0.003891647094860673"
"152","46510.5","46510","46511","0.015590351074934006","0.015590351074934006","0.015590351074934006","0.0033732475712895393","0.0033732475712895393","0.0033732475712895393"
"153","46814.5","46814","46815","0.014773357659578323","0.014773357659578323","0.014773357659578323","0.006060163490474224","0.006060163490474224","0.006060163490474224"
"154","47118.5","47118","47119","0.015043256804347038","0.015043256804347038","0.015043256804347038","0.0042275115847587585","0.0042275115847587585","0.0042275115847587585"
"155","47422.5","47422","47423","0.014395862817764282","0.014395862817764282","0.014395862817764282","0.004658294375985861","0.004658294375985861","0.004658294375985861"
"156","47726.5","47726","47727","0.014590992592275143","0.014590992592275143","0.014590992592275143","0.0037164136301726103","0.0037164136301726103","0.0037164136301726103"
"157","48030.5","48030","48031","0.016233185306191444","0.016233185306191444","0.016233185306191444","0.006118574645370245","0.006118574645370245","0.006118574645370245"
"158","48334.5","48334","48335","0.014601022936403751","0.014601022936403751","0.014601022936403751","0.0047386097721755505","0.0047386097721755505","0.0047386097721755505"
"159","48638.5","48638","48639","0.014311974868178368","0.014311974868178368","0.014311974868178368","0.005381133407354355","0.005381133407354355","0.005381133407354355"
"160","48942.5","48942","48943","0.015462695620954037","0.015462695620954037","0.015462695620954037","0.0033075350802391768","0.0033075350802391768","0.0033075350802391768"
"161","49246.5","49246","49247","0.014689469709992409","0.014689469709992409","0.014689469709992409","0.0031688082963228226","0.0031688082963228226","0.0031688082963228226"
"162","49550.5","49550","49551","0.014950251206755638","0.014950251206755638","0.014950251206755638","0.0057973130606114864","0.0057973130606114864","0.0057973130606114864"
"163","49854.5","49854","49855","0.014510752633213997","0.014510752633213997","0.014510752633213997","0.004979555960744619","0.004979555960744619","0.004979555960744619"
"164","50158.5","50158","50159","0.015825601294636726","0.015825601294636726","0.015825601294636726","0.00507447449490428","0.00507447449490428","0.00507447449490428"
"165","50462.5","50462","50463","0.014996754005551338","0.014996754005551338","0.014996754005551338","0.007367114536464214","0.007367114536464214","0.007367114536464214"
"166","50766.5","50766","50767","0.014731413684785366","0.014731413684785366","0.014731413684785366","0.006563960108906031","0.006563960108906031","0.006563960108906031"
"167","51070.5","51070","51071","0.014733237214386463","0.014733237214386463","0.014733237214386463","0.003285630838945508","0.003285630838945508","0.003285630838945508"
"168","51374.5","51374","51375","0.015109820291399956","0.015109820291399956","0.015109820291399956","0.005928738508373499","0.005928738508373499","0.005928738508373499"
"169","51678.5","51678","51679","0.015543847344815731","0.015543847344815731","0.015543847344815731","0.004943049047142267","0.004943049047142267","0.004943049047142267"
"170","51982.5","51982","51983","0.014951162971556187","0.014951162971556187","0.014951162971556187","0.003833235939964652","0.003833235939964652","0.003833235939964652"
"171","52286.5","52286","52287","0.014040251262485981","0.014040251262485981","0.014040251262485981","0.005176694132387638","0.005176694132387638","0.005176694132387638"
"172","52590.5","52590","52591","0.014818036928772926","0.014818036928772926","0.014818036928772926","0.006030958145856857","0.006030958145856857","0.006030958145856857"
"173","52894.5","52894","52895","0.014536282978951931","0.014536282978951931","0.014536282978951931","0.00642523355782032","0.00642523355782032","0.00642523355782032"
"174","53198.5","53198","53199","0.014766974374651909","0.014766974374651909","0.014766974374651909","0.005899532698094845","0.005899532698094845","0.005899532698094845"
"175","53502.5","53502","53503","0.01491468958556652","0.01491468958556652","0.01491468958556652","0.005527161061763763","0.005527161061763763","0.005527161061763763"
"176","53806.5","53806","53807","0.015010431408882141","0.015010431408882141","0.015010431408882141","0.005388434510678053","0.005388434510678053","0.005388434510678053"
"177","54110.5","54110","54111","0.015399780124425888","0.015399780124425888","0.015399780124425888","0.004870035219937563","0.004870035219937563","0.004870035219937563"
"178","54414.5","54414","54415","0.014526253566145897","0.014526253566145897","0.014526253566145897","0.005330023355782032","0.005330023355782032","0.005330023355782032"
"179","54718.5","54718","54719","0.014128698036074638","0.014128698036074638","0.014128698036074638","0.004855432081967592","0.004855432081967592","0.004855432081967592"
"180","55022.5","55022","55023","0.01566147245466709","0.01566147245466709","0.01566147245466709","0.0045852805487811565","0.0045852805487811565","0.0045852805487811565"
"181","55326.5","55326","55327","0.014510752633213997","0.014510752633213997","0.014510752633213997","0.00503796711564064","0.00503796711564064","0.00503796711564064"
"182","55630.5","55630","55631","0.01527759525924921","0.01527759525924921","0.01527759525924921","0.004417348187416792","0.004417348187416792","0.004417348187416792"
"183","55934.5","55934","55935","0.01435027178376913","0.01435027178376913","0.01435027178376913","0.0036214953288435936","0.0036214953288435936","0.0036214953288435936"
"184","56238.5","56238","56239","0.016252335160970688","0.016252335160970688","0.016252335160970688","0.005381133407354355","0.005381133407354355","0.005381133407354355"
"185","56542.5","56542","56543","0.014323828741908073","0.014323828741908073","0.014323828741908073","0.006512850522994995","0.006512850522994995","0.006512850522994995"
"186","56846.5","56846","56847","0.014340241439640522","0.014340241439640522","0.014340241439640522","0.005870326887816191","0.005870326887816191","0.005870326887816191"
"187","57150.5","57150","57151","0.013974600471556187","0.013974600471556187","0.013974600471556187","0.004855432081967592","0.004855432081967592","0.004855432081967592"
"188","57454.5","57454","57455","0.014699500054121017","0.014699500054121017","0.014699500054121017","0.006293808575719595","0.006293808575719595","0.006293808575719595"
"189","57758.5","57758","57759","0.015887605026364326","0.015887605026364326","0.015887605026364326","0.005629380699247122","0.005629380699247122","0.005629380699247122"
"190","58062.5","58062","58063","0.014972134493291378","0.014972134493291378","0.014972134493291378","0.007140771020203829","0.007140771020203829","0.007140771020203829"
"191","58366.5","58366","58367","0.014867275021970272","0.014867275021970272","0.014867275021970272","0.004636390134692192","0.004636390134692192","0.004636390134692192"
"192","58670.5","58670","58671","0.014531724154949188","0.014531724154949188","0.014531724154949188","0.004030373878777027","0.004030373878777027","0.004030373878777027"
"193","58974.5","58974","58975","0.015796422958374023","0.015796422958374023","0.015796422958374023","0.0050087617710232735","0.0050087617710232735","0.0050087617710232735"
"194","59278.5","59278","59279","0.015924077481031418","0.015924077481031418","0.015924077481031418","0.0052862148731946945","0.0052862148731946945","0.0052862148731946945"
"195","59582.5","59582","59583","0.0146794393658638","0.0146794393658638","0.0146794393658638","0.006198890041559935","0.006198890041559935","0.006198890041559935"
"196","59886.5","59886","59887","0.016044437885284424","0.016044437885284424","0.016044437885284424","0.009849591180682182","0.009849591180682182","0.009849591180682182"
"197","60190.5","60190","60191","0.014523517340421677","0.014523517340421677","0.014523517340421677","0.004176401998847723","0.004176401998847723","0.004176401998847723"
"198","60494.5","60494","60495","0.014231733977794647","0.014231733977794647","0.014231733977794647","0.0030592873226851225","0.0030592873226851225","0.0030592873226851225"
"199","60798.5","60798","60799","0.015458136796951294","0.015458136796951294","0.015458136796951294","0.004271320067346096","0.004271320067346096","0.004271320067346096"
"200","61102.5","61102","61103","0.015222885645925999","0.015222885645925999","0.015222885645925999","0.004716705530881882","0.004716705530881882","0.004716705530881882"
"201","61406.5","61406","61407","0.01534962933510542","0.01534962933510542","0.01534962933510542","0.005154789891093969","0.005154789891093969","0.005154789891093969"
"202","61710.5","61710","61711","0.013602576218545437","0.013602576218545437","0.013602576218545437","0.008243282325565815","0.008243282325565815","0.008243282325565815"
"203","62014.5","62014","62015","0.014700411818921566","0.014700411818921566","0.014700411818921566","0.006030958145856857","0.006030958145856857","0.006030958145856857"
"204","62318.5","62318","62319","0.014463337138295174","0.014463337138295174","0.014463337138295174","0.0050160628743469715","0.0050160628743469715","0.0050160628743469715"
"205","62622.5","62622","62623","0.014772445894777775","0.014772445894777775","0.014772445894777775","0.006921729072928429","0.006921729072928429","0.006921729072928429"
"206","62926.5","62926","62927","0.015480020083487034","0.015480020083487034","0.015480020083487034","0.004964953288435936","0.004964953288435936","0.004964953288435936"
"207","63230.5","63230","63231","0.015038697980344296","0.015038697980344296","0.015038697980344296","0.0053738318383693695","0.0053738318383693695","0.0053738318383693695"
"208","63534.5","63534","63535","0.015406162478029728","0.015406162478029728","0.015406162478029728","0.004636390134692192","0.004636390134692192","0.004636390134692192"
"209","63838.5","63838","63839","0.01530221477150917","0.01530221477150917","0.01530221477150917","0.004198306240141392","0.004198306240141392","0.004198306240141392"
"210","64142.5","64142","64143","0.015639590099453926","0.015639590099453926","0.015639590099453926","0.0040449765510857105","0.0040449765510857105","0.0040449765510857105"
"211","64446.5","64446","64447","0.0155164934694767","0.0155164934694767","0.0155164934694767","0.006366822402924299","0.006366822402924299","0.006366822402924299"
"212","64750.5","64750","64751","0.014797976240515709","0.014797976240515709","0.014797976240515709","0.005899532698094845","0.005899532698094845","0.005899532698094845"
"213","65054.5","65054","65055","0.015304950065910816","0.015304950065910816","0.015304950065910816","0.0037018107250332832","0.0037018107250332832","0.0037018107250332832"
"214","65358.5","65358","65359","0.015142645686864853","0.015142645686864853","0.015142645686864853","0.0048335278406739235","0.0048335278406739235","0.0048335278406739235"
"215","65662.5","65662","65663","0.01474417932331562","0.01474417932331562","0.01474417932331562","0.004906542133539915","0.004906542133539915","0.004906542133539915"
"216","65966.5","65966","65967","0.014283708296716213","0.014283708296716213","0.014283708296716213","0.007644567638635635","0.007644567638635635","0.007644567638635635"
"217","66270.5","66270","66271","0.014416834339499474","0.014416834339499474","0.014416834339499474","0.004972254857420921","0.004972254857420921","0.004972254857420921"
"218","66574.5","66574","66575","0.015004959888756275","0.015004959888756275","0.015004959888756275","0.003504672786220908","0.003504672786220908","0.003504672786220908"
"219","66878.5","66878","66879","0.014988547191023827","0.014988547191023827","0.014988547191023827","0.004307826980948448","0.004307826980948448","0.004307826980948448"
"220","67182.5","67182","67183","0.014534459449350834","0.014534459449350834","0.014534459449350834","0.0037894274573773146","0.0037894274573773146","0.0037894274573773146"
"221","67486.5","67486","67487","0.017099417746067047","0.017099417746067047","0.017099417746067047","0.0042859227396547794","0.0042859227396547794","0.0042859227396547794"
"222","67790.5","67790","67791","0.014957545325160027","0.014957545325160027","0.014957545325160027","0.005315420683473349","0.005315420683473349","0.005315420683473349"
"223","68094.5","68094","68095","0.015100701712071896","0.015100701712071896","0.015100701712071896","0.006045560818165541","0.006045560818165541","0.006045560818165541"
"224","68398.5","68398","68399","0.014685822650790215","0.014685822650790215","0.014685822650790215","0.003577686846256256","0.003577686846256256","0.003577686846256256"
"225","68702.5","68702","68703","0.015208296477794647","0.015208296477794647","0.015208296477794647","0.003161506960168481","0.003161506960168481","0.003161506960168481"
"226","69006.5","69006","69007","0.015263006091117859","0.015263006091117859","0.015263006091117859","0.004848130978643894","0.004848130978643894","0.004848130978643894"
"227","69310.5","69310","69311","0.01329346839338541","0.01329346839338541","0.01329346839338541","0.0049211448058485985","0.0049211448058485985","0.0049211448058485985"
"228","69614.5","69614","69615","0.015149939805269241","0.015149939805269241","0.015149939805269241","0.0055563668720424175","0.0055563668720424175","0.0055563668720424175"
"229","69918.5","69918","69919","0.015510110184550285","0.015510110184550285","0.015510110184550285","0.0036214953288435936","0.0036214953288435936","0.0036214953288435936"
"230","70222.5","70222","70223","0.014354830607771873","0.014354830607771873","0.014354830607771873","0.004096086602658033","0.004096086602658033","0.004096086602658033"
"231","70526.5","70526","70527","0.01534233521670103","0.01534233521670103","0.01534233521670103","0.005359229166060686","0.005359229166060686","0.005359229166060686"
"232","70830.5","70830","70831","0.014517134986817837","0.014517134986817837","0.014517134986817837","0.004461156670004129","0.004461156670004129","0.004461156670004129"
"233","71134.5","71134","71135","0.014799799770116806","0.014799799770116806","0.014799799770116806","0.003234521020203829","0.003234521020203829","0.003234521020203829"
"234","71438.5","71438","71439","0.015014990232884884","0.015014990232884884","0.015014990232884884","0.004848130978643894","0.004848130978643894","0.004848130978643894"
"235","71742.5","71742","71743","0.014022015035152435","0.014022015035152435","0.014022015035152435","0.00430052587762475","0.00430052587762475","0.00430052587762475"
"236","72046.5","72046","72047","0.01436303649097681","0.01436303649097681","0.01436303649097681","0.005059871356934309","0.005059871356934309","0.005059871356934309"
"237","72350.5","72350","72351","0.014864539727568626","0.014864539727568626","0.014864539727568626","0.004935747478157282","0.004935747478157282","0.004935747478157282"
"238","72654.5","72654","72655","0.014687646180391312","0.014687646180391312","0.014687646180391312","0.004541472066193819","0.004541472066193819","0.004541472066193819"
"239","72958.5","72958","72959","0.01619580201804638","0.01619580201804638","0.01619580201804638","0.006834112107753754","0.006834112107753754","0.006834112107753754"
"240","73262.5","73262","73263","0.015335951931774616","0.015335951931774616","0.015335951931774616","0.004782418254762888","0.004782418254762888","0.004782418254762888"
"241","73566.5","73566","73567","0.014891894534230232","0.014891894534230232","0.014891894534230232","0.0037894274573773146","0.0037894274573773146","0.0037894274573773146"
"242","73870.5","73870","73871","0.014425952918827534","0.014425952918827534","0.014425952918827534","0.004731308203190565","0.004731308203190565","0.004731308203190565"
"243","74174.5","74174","74175","0.015137175098061562","0.015137175098061562","0.015137175098061562","0.004877336323261261","0.004877336323261261","0.004877336323261261"
"244","74478.5","74478","74479","0.013692846521735191","0.013692846521735191","0.013692846521735191","0.004848130978643894","0.004848130978643894","0.004848130978643894"
"245","74782.5","74782","74783","0.013636314310133457","0.013636314310133457","0.013636314310133457","0.007126168347895145","0.007126168347895145","0.007126168347895145"
"246","75086.5","75086","75087","0.013858798891305923","0.013858798891305923","0.013858798891305923","0.0038040303625166416","0.0038040303625166416","0.0038040303625166416"
"247","75390.5","75390","75391","0.015593086369335651","0.015593086369335651","0.015593086369335651","0.004709404427558184","0.004709404427558184","0.004709404427558184"
"248","75694.5","75694","75695","0.015180029906332493","0.015180029906332493","0.015180029906332493","0.004906542133539915","0.004906542133539915","0.004906542133539915"
"249","75998.5","75998","75999","0.01446516066789627","0.01446516066789627","0.01446516066789627","0.004986857529729605","0.004986857529729605","0.004986857529729605"
"250","76302.5","76302","76303","0.014905571937561035","0.014905571937561035","0.014905571937561035","0.004745911341160536","0.004745911341160536","0.004745911341160536"
"251","76606.5","76606","76607","0.01390074286609888","0.01390074286609888","0.01390074286609888","0.004096086602658033","0.004096086602658033","0.004096086602658033"
"252","76910.5","76910","76911","0.014528988860547543","0.014528988860547543","0.014528988860547543","0.008155666291713715","0.008155666291713715","0.008155666291713715"
"253","77214.5","77214","77215","0.01389162428677082","0.01389162428677082","0.01389162428677082","0.004665595944970846","0.004665595944970846","0.004665595944970846"
"254","77518.5","77518","77519","0.014448747970163822","0.014448747970163822","0.014448747970163822","0.004256717395037413","0.004256717395037413","0.004256717395037413"
"255","77822.5","77822","77823","0.01427003089338541","0.01427003089338541","0.01427003089338541","0.007885513827204704","0.007885513827204704","0.007885513827204704"
"256","78126.5","78126","78127","0.015311332419514656","0.015311332419514656","0.015311332419514656","0.005235105287283659","0.005235105287283659","0.005235105287283659"
"257","78430.5","78430","78431","0.014661203138530254","0.014661203138530254","0.014661203138530254","0.002978971926495433","0.002978971926495433","0.002978971926495433"
"258","78734.5","78734","78735","0.014054840430617332","0.014054840430617332","0.014054840430617332","0.004322430118918419","0.004322430118918419","0.004322430118918419"
"259","79038.5","79038","79039","0.01390712521970272","0.01390712521970272","0.01390712521970272","0.0043443338945508","0.0043443338945508","0.0043443338945508"
"260","79342.5","79342","79343","0.014485221356153488","0.014485221356153488","0.014485221356153488","0.005227803718298674","0.005227803718298674","0.005227803718298674"
"261","79646.5","79646","79647","0.015031402930617332","0.015031402930617332","0.015031402930617332","0.005972546525299549","0.005972546525299549","0.005972546525299549"
"262","79950.5","79950","79951","0.015063316561281681","0.015063316561281681","0.015063316561281681","0.005388434510678053","0.005388434510678053","0.005388434510678053"
"263","80254.5","80254","80255","0.015019549056887627","0.015019549056887627","0.015019549056887627","0.006118574645370245","0.006118574645370245","0.006118574645370245"
"264","80558.5","80558","80559","0.01490010041743517","0.01490010041743517","0.01490010041743517","0.005863025784492493","0.005863025784492493","0.005863025784492493"
"265","80862.5","80862","80863","0.015111643821001053","0.015111643821001053","0.015111643821001053","0.006534754764288664","0.006534754764288664","0.006534754764288664"
"266","81166.5","81166","81167","0.015052375383675098","0.015052375383675098","0.015052375383675098","0.005490654148161411","0.005490654148161411","0.005490654148161411"
"267","81470.5","81470","81471","0.01501134317368269","0.01501134317368269","0.01501134317368269","0.0038843457587063313","0.0038843457587063313","0.0038843457587063313"
"268","81774.5","81774","81775","0.015563908033072948","0.015563908033072948","0.015563908033072948","0.0046509928070008755","0.0046509928070008755","0.0046509928070008755"
"269","82078.5","82078","82079","0.015983346849679947","0.015983346849679947","0.015983346849679947","0.006958235986530781","0.006958235986530781","0.006958235986530781"
"270","82382.5","82382","82383","0.014993106946349144","0.014993106946349144","0.014993106946349144","0.005782710388302803","0.005782710388302803","0.005782710388302803"
"271","82686.5","82686","82687","0.014745091088116169","0.014745091088116169","0.014745091088116169","0.0045560747385025024","0.0045560747385025024","0.0045560747385025024"
"272","82990.5","82990","82991","0.014593727886676788","0.014593727886676788","0.014593727886676788","0.005804614629596472","0.005804614629596472","0.005804614629596472"
"273","83294.5","83294","83295","0.015025932341814041","0.015025932341814041","0.015025932341814041","0.004665595944970846","0.004665595944970846","0.004665595944970846"
"274","83598.5","83598","83599","0.016804898157715797","0.016804898157715797","0.016804898157715797","0.0054687499068677425","0.0054687499068677425","0.0054687499068677425"
"275","83902.5","83902","83903","0.013236023485660553","0.013236023485660553","0.013236023485660553","0.004475759342312813","0.004475759342312813","0.004475759342312813"
"276","84206.5","84206","84207","0.014525341801345348","0.014525341801345348","0.014525341801345348","0.007169976830482483","0.007169976830482483","0.007169976830482483"
"277","84510.5","84510","84511","0.01531224511563778","0.01531224511563778","0.01531224511563778","0.007286799140274525","0.007286799140274525","0.007286799140274525"
"278","84814.5","84814","84815","0.014538106508553028","0.014538106508553028","0.014538106508553028","0.005308119114488363","0.005308119114488363","0.005308119114488363"
"279","85118.5","85118","85119","0.015045992098748684","0.015045992098748684","0.015045992098748684","0.004943049047142267","0.004943049047142267","0.004943049047142267"
"280","85422.5","85422","85423","0.01701279543340206","0.01701279543340206","0.01701279543340206","0.005395736079663038","0.005395736079663038","0.005395736079663038"
"281","85726.5","85726","85727","0.015948697924613953","0.015948697924613953","0.015948697924613953","0.007600759156048298","0.007600759156048298","0.007600759156048298"
"282","86030.5","86030","86031","0.015070611611008644","0.015070611611008644","0.015070611611008644","0.005388434510678053","0.005388434510678053","0.005388434510678053"
"283","86334.5","86334","86335","0.015038697980344296","0.015038697980344296","0.015038697980344296","0.004373539704829454","0.004373539704829454","0.004373539704829454"
"284","86638.5","86638","86639","0.015005872584879398","0.015005872584879398","0.015005872584879398","0.005534462630748749","0.005534462630748749","0.005534462630748749"
"285","86942.5","86942","86943","0.014315621927380562","0.014315621927380562","0.014315621927380562","0.004461156670004129","0.004461156670004129","0.004461156670004129"
"286","87246.5","87246","87247","0.015118937939405441","0.015118937939405441","0.015118937939405441","0.004264018498361111","0.004264018498361111","0.004264018498361111"
"287","87550.5","87550","87551","0.014377625659108162","0.014377625659108162","0.014377625659108162","0.004979555960744619","0.004979555960744619","0.004979555960744619"
"288","87854.5","87854","87855","0.013443918898701668","0.013443918898701668","0.013443918898701668","0.0057096960954368114","0.0057096960954368114","0.0057096960954368114"
"289","88158.5","88158","88159","0.014801624231040478","0.014801624231040478","0.014801624231040478","0.006140478886663914","0.006140478886663914","0.006140478886663914"
"290","88462.5","88462","88463","0.015183677896857262","0.015183677896857262","0.015183677896857262","0.004848130978643894","0.004848130978643894","0.004848130978643894"
"291","88766.5","88766","88767","0.014548136852681637","0.014548136852681637","0.014548136852681637","0.005972546525299549","0.005972546525299549","0.005972546525299549"
"292","89070.5","89070","89071","0.014732325449585915","0.014732325449585915","0.014732325449585915","0.005943341180682182","0.005943341180682182","0.005943341180682182"
"293","89374.5","89374","89375","0.013486774638295174","0.013486774638295174","0.013486774638295174","0.0045560747385025024","0.0045560747385025024","0.0045560747385025024"
"294","89678.5","89678","89679","0.015031402930617332","0.015031402930617332","0.015031402930617332","0.004592581652104855","0.004592581652104855","0.004592581652104855"
"295","89982.5","89982","89983","0.01481621339917183","0.01481621339917183","0.01481621339917183","0.010141647420823574","0.010141647420823574","0.010141647420823574"
"296","90286.5","90286","90287","0.01568153314292431","0.01568153314292431","0.01568153314292431","0.004081483464688063","0.004081483464688063","0.004081483464688063"
"297","90590.5","90590","90591","0.015595821663737297","0.015595821663737297","0.015595821663737297","0.005841121543198824","0.005841121543198824","0.005841121543198824"
"298","90894.5","90894","90895","0.0146949402987957","0.0146949402987957","0.0146949402987957","0.003979263827204704","0.003979263827204704","0.003979263827204704"
"299","91198.5","91198","91199","0.015196443535387516","0.015196443535387516","0.015196443535387516","0.00590683426707983","0.00590683426707983","0.00590683426707983"
"300","91502.5","91502","91503","0.015297655947506428","0.015297655947506428","0.015297655947506428","0.003358644898980856","0.003358644898980856","0.003358644898980856"
"301","91806.5","91806","91807","0.014715912751853466","0.014715912751853466","0.014715912751853466","0.004183703102171421","0.004183703102171421","0.004183703102171421"
"302","92110.5","92110","92111","0.015819218009710312","0.015819218009710312","0.015819218009710312","0.005833819974213839","0.005833819974213839","0.005833819974213839"
"303","92414.5","92414","92415","0.015437164343893528","0.015437164343893528","0.015437164343893528","0.008564544841647148","0.008564544841647148","0.008564544841647148"
"304","92718.5","92718","92719","0.015363306738436222","0.015363306738436222","0.015363306738436222","0.005870326887816191","0.005870326887816191","0.005870326887816191"
"305","93022.5","93022","93023","0.013532365672290325","0.013532365672290325","0.013532365672290325","0.005570969544351101","0.005570969544351101","0.005570969544351101"
"306","93326.5","93326","93327","0.014349359087646008","0.014349359087646008","0.014349359087646008","0.005863025784492493","0.005863025784492493","0.005863025784492493"
"307","93630.5","93630","93631","0.01533959899097681","0.01533959899097681","0.01533959899097681","0.0051985979080200195","0.0051985979080200195","0.0051985979080200195"
"308","93934.5","93934","93935","0.015047815628349781","0.015047815628349781","0.015047815628349781","0.004001168068498373","0.004001168068498373","0.004001168068498373"
"309","94238.5","94238","94239","0.014611052349209785","0.014611052349209785","0.014611052349209785","0.004687500186264515","0.004687500186264515","0.004687500186264515"
"310","94542.5","94542","94543","0.014266383834183216","0.014266383834183216","0.014266383834183216","0.008082651533186436","0.008082651533186436","0.008082651533186436"
"311","94846.5","94846","94847","0.01542987022548914","0.01542987022548914","0.01542987022548914","0.005052570253610611","0.005052570253610611","0.005052570253610611"
"312","95150.5","95150","95151","0.016338957473635674","0.016338957473635674","0.016338957473635674","0.0050963787361979485","0.0050963787361979485","0.0050963787361979485"
"313","95454.5","95454","95455","0.015622264705598354","0.015622264705598354","0.015622264705598354","0.0056439838372170925","0.0056439838372170925","0.0056439838372170925"
"314","95758.5","95758","95759","0.014763327315449715","0.014763327315449715","0.014763327315449715","0.004621787462383509","0.004621787462383509","0.004621787462383509"
"315","96062.5","96062","96063","0.014288267120718956","0.014288267120718956","0.014288267120718956","0.00620619161054492","0.00620619161054492","0.00620619161054492"
"316","96366.5","96366","96367","0.015408897772431374","0.015408897772431374","0.015408897772431374","0.004096086602658033","0.004096086602658033","0.004096086602658033"
"317","96670.5","96670","96671","0.014807094819843769","0.014807094819843769","0.014807094819843769","0.003738317871466279","0.003738317871466279","0.003738317871466279"
"318","96974.5","96974","96975","0.015583967790007591","0.015583967790007591","0.015583967790007591","0.00503796711564064","0.00503796711564064","0.00503796711564064"
"319","97278.5","97278","97279","0.014569109305739403","0.014569109305739403","0.014569109305739403","0.004169100429862738","0.004169100429862738","0.004169100429862738"
"320","97582.5","97582","97583","0.014153317548334599","0.014153317548334599","0.014153317548334599","0.0042275115847587585","0.0042275115847587585","0.0042275115847587585"
"321","97886.5","97886","97887","0.01677754521369934","0.01677754521369934","0.01677754521369934","0.009674357250332832","0.009674357250332832","0.009674357250332832"
"322","98190.5","98190","98191","0.01485359761863947","0.01485359761863947","0.01485359761863947","0.003417056053876877","0.003417056053876877","0.003417056053876877"
"323","98494.5","98494","98495","0.01509796641767025","0.01509796641767025","0.01509796641767025","0.004008469637483358","0.004008469637483358","0.004008469637483358"
"324","98798.5","98798","98799","0.014932926744222641","0.014932926744222641","0.014932926744222641","0.008308995515108109","0.008308995515108109","0.008308995515108109"
"325","99102.5","99102","99103","0.01476606260985136","0.01476606260985136","0.01476606260985136","0.004351635463535786","0.004351635463535786","0.004351635463535786"
"326","99406.5","99406","99407","0.014798888005316257","0.014798888005316257","0.014798888005316257","0.005695093423128128","0.005695093423128128","0.005695093423128128"
"327","99710.5","99710","99711","0.016241392120718956","0.016241392120718956","0.016241392120718956","0.003709112061187625","0.003709112061187625","0.003709112061187625"